City_ID,City,Lat,Lng,Max Temp,Humidity,Cloudiness,Wind Speed,Country,Date
0,adamstown,-25.066,-130.1015,62.82,54,97,20.33,PN,1724255873
1,anadyr,64.75,177.4833,45.1,93,75,11.18,RU,1724255874
2,gouyave,12.1646,-61.7296,86.77,74,40,12.66,GD,1724255875
3,lishu,43.3047,124.3278,69.94,97,70,4.68,CN,1724255876
4,asau,46.4333,26.4,81.39,29,50,2.44,RO,1724255877
5,bredasdorp,-34.5322,20.0403,50.81,53,42,15.79,ZA,1724255879
6,kartuzy,54.3342,18.1974,65.32,87,75,18.41,PL,1724255880
7,waitangi,-43.9535,-176.5597,44.82,93,99,1.99,NZ,1724255881
8,nemuro,43.3236,145.575,61.88,90,74,11.74,JP,1724255883
9,isafjordur,66.0755,-23.124,44.64,81,75,17.27,IS,1724255873
10,shingu,33.7333,135.9833,79.43,86,91,3.74,JP,1724255885
11,gisborne,-38.6533,178.0042,43.92,87,4,6.46,NZ,1724255887
12,ribeira grande,38.5167,-28.7,81.0,65,20,7.0,PT,1724255888
13,manismata,-2.4667,111.0333,73.72,99,100,2.21,ID,1724255889
14,puerto natales,-51.7236,-72.4875,34.25,86,20,3.44,CL,1724255890
15,port-aux-francais,-49.35,70.2167,37.81,83,95,31.72,TF,1724255891
16,crowley,30.2141,-92.3746,85.98,50,0,5.84,US,1724255892
17,nova sintra,14.8667,-24.7167,78.96,67,71,8.1,CV,1724255893
18,gorno-altaysk,51.9561,85.955,57.97,93,95,4.18,RU,1724255894
19,lihue,21.9789,-159.3672,73.36,95,56,10.8,US,1724255896
20,olonkinbyen,70.9221,-8.7187,40.01,93,84,11.36,SJ,1724255897
21,sitka,57.0531,-135.33,51.69,87,20,4.61,US,1724255898
22,sisimiut,66.9395,-53.6735,41.11,85,82,11.79,GL,1724255899
23,lebu,-37.6167,-73.65,48.11,77,100,14.54,CL,1724255900
24,west island,-12.1568,96.8225,80.58,83,30,9.22,CC,1724255901
25,edinburgh of the seven seas,-37.0676,-12.3116,51.71,83,16,37.4,SH,1724255902
26,pisco,-13.7,-76.2167,64.45,72,0,11.5,PE,1724255903
27,punta arenas,-53.15,-70.9167,39.31,93,20,17.27,CL,1724255772
28,jamestown,42.097,-79.2353,64.02,59,40,10.36,US,1724255626
29,grytviken,-54.2811,-36.5092,23.86,71,26,22.64,GS,1724255907
30,port mathurin,-19.6833,63.4167,70.25,69,100,29.53,MU,1724255908
31,atafu village,-8.5421,-172.5159,82.02,79,100,19.44,TK,1724255909
32,st. john's,47.5649,-52.7093,76.39,90,75,18.41,CA,1724255910
33,port elizabeth,-33.918,25.5701,57.49,84,20,39.12,ZA,1724255911
34,pacasmayo,-7.4006,-79.5714,67.41,72,68,14.16,PE,1724255913
35,paranhos,-23.8928,-55.4311,95.94,14,0,13.44,BR,1724255637
36,ilulissat,69.2167,-51.1,37.31,60,99,4.92,GL,1724255915
37,dutsin-ma,12.4517,7.4981,82.11,66,60,7.67,NG,1724255916
38,sana,15.3547,44.2067,68.58,63,90,1.92,YE,1724255719
39,kittila,67.6647,24.8936,62.74,63,75,13.8,FI,1724255919
40,flying fish cove,-10.4217,105.6791,76.68,88,100,12.66,CX,1724255921
41,dalandzadgad,43.5708,104.425,74.93,44,99,4.74,MN,1724255922
42,kardla,58.9978,22.7492,73.38,60,40,16.11,EE,1724255923
43,bakanas,44.8081,76.2772,82.54,22,38,5.91,KZ,1724255925
44,tucuma,-0.1833,-50.05,90.28,53,10,7.05,BR,1724255927
45,blackmans bay,-43.0167,147.3167,50.13,63,78,1.99,AU,1724255928
46,chonchi,-42.6128,-73.8092,45.12,71,68,3.18,CL,1724255929
47,port alfred,-33.5906,26.891,59.18,73,62,11.99,ZA,1724255930
48,vavozh,56.7751,51.931,57.47,77,21,11.5,RU,1724255931
49,tiksi,71.6872,128.8694,38.16,90,49,5.46,RU,1724255932
50,ushuaia,-54.8,-68.3,40.66,65,0,6.91,AR,1724255812
51,morehead city,34.7229,-76.726,78.01,60,0,12.66,US,1724255849
52,karratha,-20.7377,116.8463,69.28,76,20,6.58,AU,1724255936
53,avarua,-21.2078,-159.775,73.45,83,75,8.05,CK,1724255937
54,puerto ayora,-0.7393,-90.3518,67.55,97,95,5.01,EC,1724255938
55,mbanza-ngungu,-5.25,14.8667,89.83,27,36,4.97,CD,1724255939
56,beitbridge,-22.2167,30.0,73.6,26,2,1.01,ZW,1724255940
57,saint-philippe,-21.3585,55.7679,69.13,77,71,18.9,RE,1724255941
58,taiynsha,53.8478,69.7639,64.51,67,99,8.03,KZ,1724255942
59,mount darwin,-16.7725,31.5838,68.67,25,0,5.28,ZW,1724255943
60,tromso,69.6496,18.957,64.42,68,75,4.61,NO,1724255945
61,utrik,11.2278,169.8474,82.53,73,83,9.55,MH,1724255946
62,albany,42.6001,-73.9662,68.81,64,11,1.99,US,1724255947
63,darwin,-12.4611,130.8418,76.98,88,1,2.3,AU,1724255823
64,porto novo,6.4965,2.6036,82.22,67,48,10.67,BJ,1724255951
65,iskateley,67.6803,53.1512,50.29,81,89,6.73,RU,1724255952
66,badger,64.8,-147.5333,46.81,79,100,6.91,US,1724255953
67,gadzhiyevo,69.2551,33.3362,66.54,57,100,11.88,RU,1724255954
68,hermanus,-34.4187,19.2345,53.8,58,61,17.27,ZA,1724255955
69,daman,20.4167,72.85,83.44,81,99,2.91,IN,1724255956
70,stanley,54.868,-1.6985,60.28,84,75,12.66,GB,1724255957
71,happy valley-goose bay,53.3168,-60.3315,64.71,45,20,10.36,CA,1724255958
72,fort-shevchenko,44.5086,50.263,81.68,50,0,9.73,KZ,1724255960
73,kodiak,57.79,-152.4072,44.11,93,0,6.91,US,1724255961
74,gilgit,35.9221,74.3087,76.01,50,13,5.46,PK,1724255962
75,papatowai,-46.5619,169.4708,41.05,85,15,5.91,NZ,1724255963
76,minas de matahambre,22.5887,-83.9447,89.76,55,20,1.19,CU,1724255964
77,ilhabela,-23.7781,-45.3581,74.52,65,4,6.38,BR,1724255965
78,conception bay south,47.4999,-52.9981,76.15,95,100,12.53,CA,1724255966
79,port macquarie,-31.4333,152.9167,59.07,98,100,1.99,AU,1724255968
80,prince rupert,54.3161,-130.3201,53.69,100,75,8.05,CA,1724255969
81,praia da vitoria,38.7333,-27.0667,81.75,69,75,6.31,PT,1724255970
82,bilibino,68.0546,166.4372,42.85,96,100,3.31,RU,1724255971
83,yellowknife,62.456,-114.3525,53.42,87,100,23.02,CA,1724255723
84,kayangel,8.0823,134.7173,85.05,70,98,2.37,PW,1724255974
85,new norfolk,-42.7826,147.0587,50.92,70,59,9.13,AU,1724255975
86,auki,-8.7676,160.7034,76.55,91,99,3.51,SB,1724255977
87,progreso,21.2833,-89.6667,83.97,82,47,1.97,MX,1724255978
88,paradip garh,20.3167,86.6167,83.57,84,100,12.26,IN,1724255979
89,nabire,-3.3667,135.4833,75.31,94,95,3.78,ID,1724255980
90,coronado,32.6859,-117.1831,78.15,81,75,5.75,US,1724255697
91,as salamiyah,35.0113,37.0532,86.9,40,0,15.5,SY,1724255983
92,al mindak,20.1588,41.2834,69.01,74,100,8.41,SA,1724255985
93,shimoda,34.6667,138.95,78.67,89,100,1.66,JP,1724255986
94,kavieng,-2.5744,150.7967,82.94,78,77,17.67,PG,1724255987
95,vorgashor,67.5833,63.95,47.01,92,98,7.7,RU,1724255990
96,dudinka,69.4058,86.1778,57.65,64,100,6.04,RU,1724255991
97,qarazhal,48.0078,70.7903,68.13,43,18,8.08,KZ,1724255992
98,troitskoye,52.9821,84.6757,59.31,79,75,5.46,RU,1724255993
99,maloye ganyushkino,46.6,49.2667,79.38,45,0,9.64,KZ,1724255994
100,kavaratti,10.5669,72.642,78.91,88,100,31.97,IN,1724255995
101,iqaluit,63.7506,-68.5145,58.73,67,75,13.8,CA,1724255997
102,bethel,41.3712,-73.414,69.73,65,40,12.66,US,1724255812
103,labasa,-16.4167,179.3833,71.33,93,60,5.97,FJ,1724255999
104,costa rica,-23.4167,-54.65,94.96,15,0,16.06,BR,1724255725
105,yonggwang-up,40.0183,127.4547,75.11,94,100,2.06,KP,1724256001
106,taoudenni,22.6783,-3.9836,114.06,12,6,3.33,ML,1724256002
107,kourou,5.1552,-52.6478,89.35,58,29,10.25,GF,1724256003
108,hualien city,23.9769,121.6044,82.33,93,9,7.52,TW,1724256004
109,namie,37.4833,141.0,72.99,95,100,4.21,JP,1724256006
110,thompson,55.7435,-97.8558,71.76,83,75,6.91,CA,1724255771
111,floresville,29.1336,-98.1561,95.86,52,12,5.44,US,1724256008
112,vilyuchinsk,52.9306,158.4028,48.47,72,93,8.72,RU,1724256009
113,holualoa,19.6228,-155.9522,71.87,96,36,1.01,US,1724256010
114,scottburgh,-30.2867,30.7532,74.19,35,0,6.76,ZA,1724256011
115,itaituba,-4.2761,-55.9836,91.56,58,0,5.75,BR,1724256012
116,chakari,-18.0629,29.8925,71.85,10,0,0.6,ZW,1724256014
117,petropavlovsk-kamchatsky,53.0452,158.6483,46.99,81,0,4.47,RU,1724255893
118,taro,-8.3862,115.28,64.33,96,85,0.49,ID,1724256016
119,thinadhoo,0.5333,72.9333,82.96,76,100,7.31,MV,1724256017
120,bontang,0.1333,117.5,78.48,84,100,1.92,ID,1724256018
121,chenaran,36.6455,59.1212,73.81,20,0,9.71,IR,1724256019
122,winston,28.0317,-82.0148,86.0,79,75,5.75,US,1724256021
123,el calafate,-50.3408,-72.2768,36.52,65,50,3.2,AR,1724256022
124,fale old settlement,-9.3852,-171.2468,82.0,77,100,21.94,TK,1724256023
125,merowe,18.4833,31.8167,107.78,11,33,11.36,SD,1724256024
126,richards bay,-28.783,32.0377,81.01,30,0,7.61,ZA,1724256026
127,labytnangi,66.6572,66.4183,53.08,75,67,7.94,RU,1724256027
128,dauphin,51.1494,-100.0502,71.74,78,0,2.3,CA,1724256028
129,tvoroyri,61.5556,-6.8111,53.17,98,100,26.49,FO,1724256029
130,kisangani,0.5167,25.2,73.65,80,100,2.68,CD,1724256030
131,hammerfest,70.6634,23.6821,64.85,68,0,10.36,NO,1724256031
132,obo,5.3998,26.4869,67.28,98,100,5.59,CF,1724256032
133,ciudad lazaro cardenas,17.9583,-102.2,85.89,61,47,2.08,MX,1724256034
134,college,64.8569,-147.8028,47.17,81,100,6.91,US,1724256035
135,aripuana,-9.1667,-60.6333,101.97,17,14,3.83,BR,1724256036
136,uturoa,-16.7333,-151.4333,77.97,61,49,24.34,PF,1724256037
137,kibaya,-5.3,36.5667,67.6,42,72,11.01,TZ,1724256038
138,maceio,-9.6658,-35.7353,83.64,65,40,10.36,BR,1724255915
139,hotan,37.0997,79.9269,82.58,27,9,4.27,CN,1724256041
140,qaqortoq,60.7167,-46.0333,41.45,79,10,8.28,GL,1724256042
141,georgetown,5.4112,100.3354,82.35,83,20,0.0,MY,1724255991
142,terekli-mekteb,44.1671,45.8698,85.8,28,0,16.31,RU,1724256044
143,tolanaro,-25.0319,46.9987,71.67,64,20,11.5,MG,1724256045
144,tonota,-21.4833,27.4833,69.82,17,0,8.01,BW,1724256046
145,chernyshevskiy,63.0128,112.4714,57.49,77,100,4.94,RU,1724256047
146,dakhla,23.6848,-15.958,75.22,78,52,17.27,EH,1724256049
147,pacific grove,36.6177,-121.9166,64.08,89,0,8.01,US,1724256050
148,tazovsky,67.4667,78.7,51.22,78,23,2.86,RU,1724256051
149,kruisfontein,-34.0033,24.7314,52.03,74,72,27.16,ZA,1724256052
150,yamada,39.4667,141.95,68.9,97,99,5.64,JP,1724256053
151,tazacorte,28.629,-17.9293,77.97,73,0,16.11,ES,1724256054
152,safford,32.834,-109.7076,92.32,45,0,12.66,US,1724256056
153,batouri,4.4333,14.3667,77.99,73,100,2.77,CM,1724256057
154,pyu,18.4833,96.4333,74.82,98,100,4.92,MM,1724256058
155,greymouth,-42.4667,171.2,38.77,96,97,6.71,NZ,1724256059
156,tindouf,27.6711,-8.1474,109.85,17,40,6.91,DZ,1724256060
157,ancud,-41.8697,-73.8203,42.93,84,50,8.16,CL,1724256006
158,puerto san jose,13.9256,-90.8244,87.85,55,0,0.0,GT,1724256062
159,wailua homesteads,22.0669,-159.378,72.75,95,56,10.11,US,1724256063
160,mukalla,14.5425,49.1242,86.25,62,2,17.02,YE,1724256065
161,whitehorse,60.7161,-135.0538,36.37,100,0,6.91,CA,1724255829
162,alotau,-10.3069,150.4462,75.43,94,100,3.0,PG,1724256067
163,hawaiian paradise park,19.5933,-154.9731,70.74,95,95,3.85,US,1724256068
164,paphos,34.7667,32.4167,88.23,66,0,16.11,CY,1724256069
165,daru,-9.0763,143.2092,76.24,86,100,20.36,PG,1724256070
166,shakiso,5.75,38.9167,56.37,93,100,1.19,ET,1724256071
167,vernon,50.2581,-119.2691,65.44,63,32,3.0,CA,1724255942
168,saipan,15.1355,145.701,83.1,83,40,9.22,MP,1724256020
169,invercargill,-46.4,168.35,38.01,92,42,1.99,NZ,1724256076
170,geraldton,-28.7667,114.6,59.41,82,80,9.22,AU,1724256077
171,satkania,22.0796,92.0572,77.49,92,100,6.58,BD,1724256079
172,lewistown,40.5992,-77.5714,66.16,72,75,8.05,US,1724255955
173,puerto baquerizo moreno,-0.9,-89.6,68.99,88,75,16.11,EC,1724255953
174,spring creek,40.7266,-115.5859,70.81,20,0,1.01,US,1724256083
175,gueret,46.1667,1.8667,72.05,31,2,5.44,FR,1724256084
176,ipameri,-17.7219,-48.1597,90.01,15,3,11.59,BR,1724256039
177,torit,4.4133,32.5678,69.76,95,100,2.82,SS,1724256086
178,merizo village,13.2658,144.6691,79.99,94,100,8.97,GU,1724256089
179,slavyanka,42.8633,131.3847,69.13,99,100,5.93,RU,1724256090
180,enewetak,11.3474,162.3373,82.96,77,100,9.86,MH,1724256091
181,usogorsk,63.4106,48.6872,59.07,70,100,4.9,RU,1724256093
182,luganville,-15.5333,167.1667,75.61,82,66,11.14,VU,1724256094
183,verkhovazh'ye,60.7472,42.0465,61.09,68,19,4.32,RU,1724256097
184,cabo san lucas,22.8909,-109.9124,86.68,61,28,0.54,MX,1724256001
185,mbekenyera,-10.0,38.9833,72.7,61,75,5.28,TZ,1724256099
186,kapa'a,22.0752,-159.319,74.1,81,50,11.68,US,1724256100
187,el granada,37.5027,-122.4694,66.43,84,100,11.5,US,1724256102
188,inarajan village,13.2736,144.7484,80.4,94,100,8.81,GU,1724256103
189,langzhong,31.5504,105.9938,84.0,72,30,1.57,CN,1724256104
190,namibe,-15.1961,12.1522,67.03,77,10,8.75,AO,1724256105
191,zuru,11.4241,5.2288,79.05,83,93,5.59,NG,1724256106
192,sirjan,29.452,55.6814,69.57,63,98,9.46,IR,1724256107
193,walvis bay,-22.9575,14.5053,64.96,50,5,22.64,NA,1724256108
194,salmon arm,50.6998,-119.3024,61.32,94,48,0.0,CA,1724255905
195,heishan,41.6892,122.1128,74.19,96,58,4.14,CN,1724256112
196,udachny,66.4167,112.4,53.42,88,48,4.94,RU,1724256113
197,sinjai,-5.1241,120.253,72.99,82,82,4.81,ID,1724256114
198,abdanan,32.9926,47.4198,91.76,19,0,4.81,IR,1724256115
199,ola,59.5833,151.2833,54.81,91,100,8.61,RU,1724256117
200,san ignacio rio muerto,27.4167,-110.2333,90.54,44,53,3.71,MX,1724256118
201,el porvenir,13.7617,-87.3458,87.98,49,30,2.26,HN,1724256119
202,tzimol,16.2667,-92.2667,71.17,64,52,3.27,MX,1724256120
203,westport,41.1415,-73.3579,71.74,60,75,8.05,US,1724256121
204,lesogorsk,56.0458,99.5136,59.79,84,29,3.62,RU,1724256122
205,les avirons,-21.2418,55.3394,68.09,64,20,25.32,RE,1724255882
206,nikolayevsk-on-amure,53.1406,140.73,64.6,82,100,4.27,RU,1724256125
207,korla,41.7597,86.1469,82.0,31,3,7.9,CN,1724256126
208,gurupi,-11.7292,-49.0686,97.72,18,0,8.32,BR,1724256012
209,egilsstadir,65.2653,-14.3948,46.31,71,100,10.36,IS,1724256128
210,nadym,65.5333,72.5167,56.89,64,16,6.44,RU,1724256129
211,aasiaat,68.7098,-52.8699,35.4,86,99,9.66,GL,1724256130
212,san patricio,28.017,-97.5169,93.15,43,14,5.44,US,1724256131
213,taltal,-25.4,-70.4833,59.41,67,0,7.63,CL,1724256020
214,gospic,44.5461,15.3747,77.56,59,66,8.46,HR,1724255962
215,hasaki,35.7333,140.8333,78.17,88,100,7.7,JP,1724256136
216,tidjikja,18.5564,-11.4271,96.21,35,26,11.97,MR,1724256137
217,kingston,17.997,-76.7936,95.16,66,20,6.91,JM,1724255958
218,zuni pueblo,35.0725,-108.8506,79.61,32,1,3.2,US,1724256139
219,bayanhongor,46.7167,100.1167,52.29,85,100,3.02,MN,1724256140
220,bubaque,11.2833,-15.8333,78.64,85,100,16.13,GW,1724256142
221,kapuskasing,49.4169,-82.4331,64.49,55,20,2.3,CA,1724256143
222,sokone,13.8833,-16.3667,85.42,61,100,8.77,SN,1724256144
223,longyearbyen,78.2186,15.6401,55.24,71,75,14.97,SJ,1724256145
224,nadi,-17.8,177.4167,75.2,69,20,10.36,FJ,1724256146
225,kamina,-8.7386,24.9906,81.99,18,79,7.81,CD,1724256147
226,katsuura,35.1333,140.3,79.48,85,100,7.05,JP,1724256148
227,pangoa,-12.1167,-73.0,91.42,35,86,4.18,PE,1724256150
228,minas de marcona,-15.2119,-75.1103,54.79,79,97,21.52,PE,1724256151
229,shenkursk,62.1091,42.896,60.06,73,27,4.41,RU,1724256152
230,port lincoln,-34.7333,135.8667,53.17,90,54,9.71,AU,1724256153
231,toulepleu guere,6.574,-8.4259,75.29,95,99,4.18,CI,1724256155
232,coquimbo,-29.9533,-71.3436,55.13,76,20,6.91,CL,1724256156
233,yakeshi,49.2833,120.7333,56.17,73,100,2.64,CN,1724255928
234,howrah,22.5892,88.3103,82.4,89,100,6.91,IN,1724256159
235,angostura,25.3667,-108.1833,89.04,59,99,1.7,MX,1724256160
236,san juan de miraflores,-12.1629,-76.9635,64.17,81,28,8.14,PE,1724256161
237,gijang,35.2442,129.2139,80.33,92,89,6.06,KR,1724256162
238,patterson,37.4716,-121.1297,73.11,33,0,3.94,US,1724255939
239,grootfontein,-19.5667,18.1167,83.77,8,0,12.66,NA,1724256164
240,severo-yeniseyskiy,60.3725,93.0408,52.12,97,100,3.6,RU,1724256165
241,zhangjiakou,40.81,114.8794,68.81,79,6,4.41,CN,1724256167
242,ust-nera,64.5667,143.2,46.74,68,18,5.88,RU,1724256168
243,murun-kuren,49.6342,100.1625,60.13,82,0,4.29,MN,1724256169
244,pryvillya,49.015,38.3046,90.28,17,96,5.3,UA,1724256170
245,embi,48.8264,58.1442,81.14,29,81,14.52,KZ,1724256171
246,carnarvon,-24.8667,113.6333,67.33,73,1,12.86,AU,1724256172
247,vacaria,-28.5122,-50.9339,73.38,53,68,14.41,BR,1724256173
248,maues,-3.3836,-57.7186,103.08,20,100,3.62,BR,1724256174
249,mogocha,53.7333,119.7667,60.85,95,99,4.52,RU,1724256176
250,zeya,53.75,127.2667,60.42,66,100,2.73,RU,1724256177
251,colares,38.7992,-9.4469,78.33,62,20,16.11,PT,1724256178
252,al qubbah,32.7616,22.2424,80.08,59,0,19.08,LY,1724256179
253,hengyang,26.8881,112.615,81.68,82,84,4.07,CN,1724256180
254,ceeldheer,3.8488,47.1806,78.04,72,91,19.51,SO,1724256181
255,khilok,51.3674,110.4676,54.25,95,94,2.82,RU,1724256182
256,weno,7.4515,151.8468,82.35,83,100,6.91,FM,1724256184
257,cabedelo,-6.9811,-34.8339,86.67,73,18,15.88,BR,1724256185
258,susuman,62.7833,148.1667,39.99,89,34,3.49,RU,1724256186
259,elkins,38.9259,-79.8467,63.93,67,75,4.61,US,1724256187
260,santa cruz de tenerife,28.4682,-16.2546,87.4,57,0,9.22,ES,1724256041
261,alo,6.5486,4.2686,78.85,79,82,10.94,NG,1724256189
262,hithadhoo,-0.6,73.0833,83.5,75,100,8.39,MV,1724256190
263,iron river,46.0927,-88.6423,69.35,41,0,4.27,US,1724256191
264,semera,11.501,41.201,79.48,62,72,5.73,ET,1724256016
265,khanty-mansiysk,61.0042,69.0019,60.91,82,100,0.0,RU,1724256194
266,talnakh,69.4865,88.3972,58.95,66,98,5.91,RU,1724256195
267,sinabang,2.4803,96.3801,79.32,80,100,3.42,ID,1724256196
268,malango,-2.9627,119.9001,66.79,97,99,1.72,ID,1724256197
269,burang,30.25,81.1667,50.2,80,77,5.44,CN,1724256198
270,recani,31.2846,-4.2688,105.21,13,25,8.25,MA,1724256199
271,margate,51.3813,1.3862,67.87,57,98,1.01,GB,1724256152
272,hadibu,12.65,54.0333,79.45,75,43,18.16,YE,1724256203
273,tamanrasset,22.785,5.5228,96.71,14,40,5.75,DZ,1724256204
274,nema,57.5067,50.5011,58.78,74,42,8.52,RU,1724256205
275,constantia,44.1833,28.65,84.88,65,96,8.61,RO,1724256206
276,huron,41.1501,-82.5499,69.67,59,31,11.61,US,1724256207
277,naze,28.3667,129.4833,77.92,86,40,5.17,JP,1724256113
278,pangody,65.85,74.4859,59.83,53,97,5.79,RU,1724256209
279,amalapuram,16.5833,82.0167,79.68,94,99,2.08,IN,1724256210
280,margaret river,-33.95,115.0667,50.88,82,100,8.61,AU,1724256212
281,shadegan,30.6497,48.6647,97.56,46,0,15.43,IR,1724256213
282,polyarnyy,69.1989,33.4478,65.79,56,97,12.33,RU,1724256214
283,as sulayyil,20.4607,45.5779,94.75,37,63,16.91,SA,1724256215
284,malvik,63.4333,10.6833,58.59,85,75,3.44,NO,1724256216
285,nefta,33.8731,7.8777,100.65,20,21,5.99,TN,1724256217
286,bardai,11.65,7.2333,78.82,75,72,8.23,NG,1724256218
287,khovd,48.0056,91.6419,69.57,28,48,4.38,MN,1724256219
288,la gi,10.6667,107.7833,80.85,84,82,1.48,VN,1724256220
289,eura,61.1333,22.1333,69.82,63,42,8.75,FI,1724256222
290,chegdomyn,51.1167,133.0167,61.2,59,100,1.9,RU,1724256223
291,armacao de buzios,-22.7469,-41.8817,78.96,76,64,11.03,BR,1724255998
292,laojunmiao,39.8333,97.7333,72.27,29,92,7.18,CN,1724256225
293,haiku-pauwela,20.9219,-156.3051,73.17,85,0,17.27,US,1724256226
294,griffith,41.5284,-87.4237,71.83,50,0,5.75,US,1724256227
295,kasungu,-13.0333,33.4833,72.37,26,6,7.38,MW,1724256228
296,kyshtovka,56.555,76.6271,56.23,90,68,4.72,RU,1724256229
297,tra vinh,9.9347,106.3453,79.32,88,89,4.09,VN,1724256231
298,lycksele,64.5954,18.6735,64.27,72,40,12.66,SE,1724256019
299,debre werk',10.6667,38.1667,56.08,93,100,1.36,ET,1724256233
300,karukh,34.4811,62.5863,73.29,19,0,21.92,AF,1724256138
301,nelson bay,-32.7167,152.15,64.0,56,100,5.01,AU,1724256235
302,letlhakane,-21.4167,25.5833,72.61,10,0,6.29,BW,1724256236
303,aykhal,66.0,111.5,51.49,85,59,6.06,RU,1724256237
304,barclayville,4.6797,-8.2339,78.58,76,98,11.48,LR,1724256238
305,banfora,10.6333,-4.7667,82.27,73,73,7.43,BF,1724256239
306,puerto penasco,31.3167,-113.5333,91.38,73,75,15.01,MX,1724256241
307,loen,7.7601,168.2307,82.17,72,100,5.06,MH,1724256242
308,genhe,50.7833,121.5167,56.17,79,100,3.2,CN,1724256243
309,kenitra,34.261,-6.5802,79.56,66,62,11.1,MA,1724256244
310,pandan,14.0453,124.1694,80.58,88,70,3.65,PH,1724256245
311,malvan,16.0667,73.4667,80.55,89,100,13.65,IN,1724256246
312,marble falls,30.5782,-98.2728,99.23,37,0,12.66,US,1724256247
313,ouallam,14.3188,2.0866,92.34,43,36,7.09,NE,1724256134
314,chancay,-11.5714,-77.2672,65.16,73,69,7.58,PE,1724256021
315,mount pearl,47.5166,-52.7813,75.54,88,75,18.41,CA,1724256251
316,pamanukan,-6.2842,107.8106,76.84,84,72,3.98,ID,1724256252
317,itambacuri,-18.0311,-41.685,87.15,26,0,9.26,BR,1724256253
318,okhotsk,59.3833,143.3,57.27,81,98,7.83,RU,1724256254
319,sao vicente,-23.9631,-46.3919,76.96,57,0,6.91,BR,1724256255
320,ulsteinvik,62.3432,5.8487,65.3,78,81,7.45,NO,1724256256
321,dzhalagash,45.0833,64.6667,75.47,31,0,4.97,KZ,1724256257
322,nar'yan-mar,67.6713,53.087,50.27,82,80,6.73,RU,1724256258
323,beyla,8.6833,-8.6333,73.51,93,97,6.35,GN,1724256260
324,tambopata,-12.7333,-69.1833,91.29,58,0,5.75,PE,1724256261
325,yorkton,51.2167,-102.4677,71.44,83,0,8.05,CA,1724256262
326,puerto carreno,6.189,-67.4859,84.18,79,20,2.3,CO,1724256263
327,hamilton,39.1834,-84.5333,71.89,51,0,10.36,US,1724256245
328,colonia,50.9333,6.95,71.96,41,100,1.01,DE,1724256265
329,nevada,39.2502,-116.7512,62.37,18,0,3.09,US,1724256266
330,al burayqah,30.4062,19.5739,84.81,71,0,15.57,LY,1724256267
331,kurumkan,54.3,110.3,59.5,75,10,2.75,RU,1724256268
332,sekong,-6.3996,106.0252,73.22,90,81,0.38,ID,1724256270
333,gleno,-8.7211,125.4359,67.3,64,61,5.37,TL,1724256271
334,na klang,17.3072,102.1889,77.27,89,100,4.21,TH,1724256273
335,abalak,58.1286,68.5944,56.97,79,28,4.38,RU,1724256274
336,east london,-33.0153,27.9116,61.74,72,75,32.21,ZA,1724256275
337,afaahiti,-17.75,-149.2833,72.91,69,85,27.18,PF,1724256276
338,alofi,-19.0595,-169.9187,73.29,94,75,9.22,NU,1724256277
339,revda,56.801,59.9303,49.96,94,85,4.27,RU,1724256279
340,bengkulu,-3.8004,102.2655,77.32,90,50,8.77,ID,1724256280
341,nampula,-15.1165,39.2666,71.51,51,29,6.06,MZ,1724256281
342,nianzishan,47.5167,122.8833,59.05,92,100,4.07,CN,1724256282
343,smithers,54.7804,-127.1743,48.52,100,100,0.0,CA,1724256283
344,caucete,-31.6518,-68.2811,43.97,72,100,11.34,AR,1724256284
345,port saint john's,-31.6229,29.5448,67.14,79,17,23.53,ZA,1724256285
346,tanumah,27.1,44.1333,100.4,11,81,10.69,SA,1724256287
347,apatity,67.5641,33.4031,64.83,55,48,8.77,RU,1724256288
348,conde,-7.2597,-34.9075,85.46,62,40,18.41,BR,1724256289
349,camacupa,-12.0167,17.4833,82.92,8,53,4.92,AO,1724256290
350,anqiu,36.4342,119.1925,75.69,88,5,2.33,CN,1724256291
351,kura,11.7697,8.4303,82.27,67,93,6.24,NG,1724256292
352,limon,10.0,-83.0333,84.09,74,75,4.61,CR,1724256293
353,williams lake,52.1415,-122.1445,56.77,82,75,2.3,CA,1724256294
354,tofol,5.3248,163.0078,83.25,72,20,7.11,FM,1724256296
355,geneina,13.45,22.45,79.57,70,74,14.5,SD,1724256297
356,luderitz,-26.6481,15.1594,66.49,58,0,29.3,NA,1724256299
357,la ronge,55.1001,-105.2842,68.25,64,20,3.44,CA,1724256193
358,kindu,-2.95,25.95,88.34,31,96,4.72,CD,1724256301
359,ilesa,7.6167,4.7333,79.21,80,69,4.94,NG,1724256017
360,vadso,70.0744,29.7487,66.36,59,100,17.27,NO,1724256303
361,rufino,-34.2683,-62.7126,45.61,86,100,13.44,AR,1724256307
362,miajadas,39.1513,-5.9084,102.16,14,1,6.02,ES,1724256308
363,panjakent,39.4952,67.6093,75.15,35,16,5.97,TJ,1724256172
364,saldanha,-33.0117,17.9442,55.45,51,55,17.07,ZA,1724256310
365,fada,7.25,4.0667,84.87,65,40,6.91,NG,1724256312
366,port-vila,-17.7338,168.3219,73.0,88,40,6.91,VU,1724256313
367,grenaa,56.4158,10.8783,65.95,69,22,15.82,DK,1724256314
368,sao joao da barra,-21.6403,-41.0511,80.69,68,89,10.89,BR,1724256109
369,carutapera,-1.195,-46.02,89.67,54,5,12.1,BR,1724256272
370,dhidhdhoo,6.8833,73.1,81.97,78,100,20.13,MV,1724256317
371,turkmenbasy,40.0222,52.9552,84.97,51,0,6.91,TM,1724256318
372,izluchinsk,60.9794,76.9242,59.02,77,19,5.14,RU,1724256319
373,ghat,24.9647,10.1728,108.43,8,28,8.48,LY,1724256320
374,ibarreta,-25.2144,-59.8585,95.68,22,95,12.46,AR,1724256322
375,levuka,50.1834,-105.4011,76.73,41,75,12.66,CA,1724256324
376,aksu,41.1231,80.2644,79.93,32,20,2.95,CN,1724256326
377,talacogon,8.4167,125.8,74.84,98,100,0.92,PH,1724256327
378,hluti,-27.2167,31.6167,75.92,20,0,6.46,SZ,1724256329
379,casas grandes,30.3667,-107.95,82.54,39,44,2.73,MX,1724256330
380,kharkhorin,47.1975,102.8238,58.06,91,73,2.08,MN,1724256332
381,san luis de la loma,17.2706,-100.8939,86.04,68,29,5.53,MX,1724256333
382,kishapu,-3.6167,33.8667,82.15,23,21,8.3,TZ,1724256334
383,pathanamthitta,9.2667,76.7833,75.06,88,98,0.92,IN,1724256335
384,vanimo,-2.6741,141.3028,78.22,92,43,5.75,PG,1724256337
385,spitak,40.8322,44.2673,66.6,81,0,5.28,AM,1724256338
386,mugia,43.1041,-9.2179,68.92,76,0,23.82,ES,1724256339
387,rio grande,-32.035,-52.0986,63.79,88,100,20.54,BR,1724256340
388,keflavik,64.0049,-22.5624,46.83,87,100,27.63,IS,1724256341
389,valparaiso,-33.0393,-71.6273,57.0,63,75,6.91,CL,1724256078
390,la passe,45.5549,-0.8967,73.08,43,20,11.52,FR,1724256343
391,vila franca do campo,37.7167,-25.4333,81.01,68,66,0.85,PT,1724256344
392,lorengau,-2.0226,147.2712,81.5,83,27,12.57,PG,1724256347
393,halifax,44.6453,-63.5724,73.69,81,75,5.75,CA,1724256337
394,viqueque,-8.8673,126.3658,71.55,96,92,1.77,TL,1724256349
395,ceerigaabo,10.6162,47.368,65.14,63,86,25.66,SO,1724256350
396,coxen hole,16.3244,-86.5366,87.08,74,20,11.5,HN,1724256331
397,tura,25.5198,90.2201,75.65,98,100,6.58,IN,1724256352
398,santa teresa del tuy,10.2341,-66.6631,96.12,38,48,1.39,VE,1724256133
399,nuuk,64.1835,-51.7216,47.01,66,75,8.05,GL,1724256354
400,tangalle,6.024,80.7911,74.35,92,100,8.88,LK,1724256355
401,helong,42.5397,128.9972,71.35,99,100,1.19,CN,1724256357
402,garissa,-0.4536,39.6401,83.46,38,91,23.91,KE,1724256358
403,nantucket,41.2835,-70.0995,69.91,60,0,16.11,US,1724256111
404,kharovsk,59.9642,40.1912,61.79,58,13,3.04,RU,1724256360
405,maun,-19.9833,23.4167,87.76,11,0,9.22,BW,1724256361
406,kalmunai,7.4167,81.8167,76.24,91,100,4.54,LK,1724256362
407,watertown,42.3709,-71.1828,73.02,61,40,10.36,US,1724256363
408,oliveira dos brejinhos,-12.3169,-42.8961,91.35,21,0,6.22,BR,1724256127
409,magdagachi,53.45,125.8,58.89,61,100,4.7,RU,1724256366
410,port augusta,-32.5,137.7667,54.1,90,89,6.4,AU,1724256367
411,kralendijk,12.15,-68.2667,91.38,62,40,12.66,BQ,1724256369
412,al kharijah,25.4514,30.5464,103.03,13,0,16.31,EG,1724256370
413,mhamid,29.82,-5.72,111.87,12,21,15.05,MA,1724256371
414,sittwe,20.15,92.9,81.39,82,100,8.68,MM,1724256372
415,quellon,-43.1167,-73.6167,47.82,75,86,3.09,CL,1724256373
416,tortoli,39.9256,9.6572,89.13,53,0,1.99,IT,1724256375
417,sharypovo,55.5403,89.2008,59.85,81,77,17.27,RU,1724256376
418,klyuchi,52.2667,79.1667,65.59,59,99,7.43,RU,1724256377
419,yuzhno-kurilsk,44.0306,145.8556,61.54,92,61,10.25,RU,1724256378
420,olivenza,38.6832,-7.103,100.31,16,1,9.33,ES,1724256379
421,bodaybo,57.8506,114.1933,55.31,87,97,1.7,RU,1724256381
422,eudora,38.9433,-95.0986,77.47,60,9,10.71,US,1724256383
423,ambatolampy,-19.3833,47.4167,45.77,90,4,4.99,MG,1724256384
424,santa terezinha,-29.9002,-50.0904,65.28,87,90,21.18,BR,1724256386
425,feicheng,35.2606,117.9675,75.52,84,25,3.49,CN,1724256388
426,quepos,9.4236,-84.1652,83.05,76,99,4.74,CR,1724256389
427,lahad datu,5.0268,118.327,77.18,89,60,1.92,MY,1724256390
428,selfoss,63.9331,-20.9971,48.04,76,100,21.94,IS,1724256391
429,ottawa,45.4112,-75.6981,62.44,88,75,10.36,CA,1724256165
430,visby,57.6409,18.296,63.03,94,75,6.91,SE,1724256393
431,ciudad lerdo,25.5333,-103.5333,85.87,37,20,6.91,MX,1724256394
432,oromocto,45.8351,-66.4792,62.74,94,100,8.05,CA,1724256395
433,palikir - national government center,6.9248,158.1611,75.94,83,20,3.44,FM,1724256397
434,san juan del cesar,10.7711,-73.0031,92.25,50,34,8.93,CO,1724256398
435,lospalos,-8.5186,127.0025,69.35,97,56,4.34,TL,1724256399
436,gorontalo,0.5412,123.0595,74.8,97,100,1.74,ID,1724256400
437,arcachon,44.5875,-1.0519,75.25,46,0,13.8,FR,1724256401
438,serenje,-13.2325,30.2352,65.8,39,32,4.59,ZM,1724256402
439,ayr,55.4627,-4.6339,58.98,88,75,20.71,GB,1724256403
440,dawson creek,55.7666,-120.2362,56.84,77,100,13.8,CA,1724256404
441,vilyuysk,63.7553,121.6247,58.26,92,100,3.74,RU,1724256405
442,oranjestad,12.524,-70.027,82.74,83,22,18.41,AW,1724256407
443,launceston,-41.45,147.1667,47.84,87,56,14.97,AU,1724256332
444,ketchikan,55.3422,-131.6461,55.87,82,40,6.91,US,1724256409
445,siocon,7.7061,122.1353,80.08,89,100,5.79,PH,1724256410
446,nuku'alofa,-21.1333,-175.2,72.64,78,31,17.85,TO,1724256411
447,kangding,30.0513,101.9603,60.08,88,87,3.53,CN,1724256412
448,sa'dah,16.9402,43.7639,74.73,58,100,6.4,YE,1724256413
449,negapatam,10.7667,79.8333,82.17,73,100,19.73,IN,1724256414
450,pakxan,18.3778,103.6601,76.82,96,100,2.93,LA,1724256415
451,rundu,-17.9333,19.7667,82.47,8,3,6.93,NA,1724256417
452,dellys,36.9172,3.9131,80.92,57,89,16.53,DZ,1724256418
453,sirte,31.2089,16.5887,84.02,63,0,15.12,LY,1724256419
454,floro,61.5996,5.0328,60.76,72,40,14.97,NO,1724256420
455,chernyshevsk,52.5243,117.0174,62.04,90,66,5.97,RU,1724256421
456,druzhny,53.6238,27.8977,79.02,59,49,8.19,BY,1724256422
457,zalingei,12.9096,23.4741,80.96,66,90,8.46,SD,1724256423
458,canico,32.6333,-16.85,81.23,57,20,23.02,PT,1724256425
459,narvik,68.4384,17.4272,57.25,89,100,5.5,NO,1724256426
460,ponta delgada,37.7333,-25.6667,81.32,74,20,10.36,PT,1724256427
461,balkanabat,39.5108,54.3671,91.94,16,0,10.07,TM,1724256428
462,namtsy,62.7161,129.6658,55.94,78,84,4.76,RU,1724256432
463,suva,-18.1416,178.4415,67.48,100,40,2.3,FJ,1724256433
464,newman,37.3138,-121.0208,72.03,54,0,3.6,US,1724256434
465,touros,-5.1989,-35.4608,83.71,61,4,18.7,BR,1724256435
466,mount isa,-20.7333,139.5,55.17,54,0,4.61,AU,1724256436
467,tomatlan,19.9333,-105.25,85.86,70,100,0.58,MX,1724256437
468,iranshahr,27.2025,60.6848,96.31,36,27,21.0,IR,1724256438
469,awjilah,29.1081,21.2869,105.49,13,0,9.46,LY,1724256439
470,raja,8.4596,25.678,69.08,98,100,10.36,SS,1724256440
471,tahe,52.3333,124.7333,59.29,63,100,2.86,CN,1724256442
472,yigo village,13.5361,144.8886,78.75,91,0,4.61,GU,1724256443
473,sarangani,5.4033,125.4636,84.13,76,88,17.05,PH,1724256444
474,howard springs,-12.497,131.047,76.91,91,2,3.09,AU,1724256445
475,mezhdurechenskiy,59.6,65.9333,58.44,74,86,5.55,RU,1724256446
476,krivosheino,57.3431,83.9261,57.07,98,100,9.35,RU,1724256447
477,mahibadhoo,3.7833,72.9667,81.82,77,79,11.3,MV,1724256448
478,makoua,0.0069,15.6333,91.98,38,55,3.67,CG,1724256450
479,gualeguay,-33.1416,-59.3097,55.58,96,100,7.45,AR,1724256452
480,bikenibeu village,1.3673,173.1241,82.36,78,20,8.05,KI,1724256453
481,suncheon,34.9481,127.4895,79.18,94,12,2.39,KR,1724256454
482,fortuna,40.5982,-124.1573,61.72,97,0,4.61,US,1724256455
483,mili,6.0815,171.735,81.3,74,99,3.13,MH,1724256456
484,aldinga beach,-35.2793,138.4604,55.67,94,71,6.69,AU,1724256457
485,espiye,40.9479,38.7115,77.88,85,3,4.14,TR,1724256459
486,ankang,32.68,109.0172,77.79,80,1,1.3,CN,1724256460
487,nanao,37.05,136.9667,76.84,94,100,2.28,JP,1724256461
488,yashkul',46.1711,45.3435,88.95,20,0,14.5,RU,1724256462
489,alice springs,-23.7,133.8833,67.55,32,1,6.91,AU,1724256463
490,san clemente del tuyu,-36.3569,-56.7235,51.04,96,100,19.95,AR,1724256464
491,tagta,41.6504,59.9164,84.15,37,0,9.22,TM,1724256465
492,caleta de carquin,-11.0925,-77.6267,64.94,76,50,9.26,PE,1724256466
493,saint-joseph,-21.3667,55.6167,70.18,73,39,18.48,RE,1724256467
494,hobyo,5.3505,48.5268,77.47,76,100,25.61,SO,1724256469
495,pankrushikha,53.8319,80.3406,59.99,82,86,5.75,RU,1724256470
496,fort bragg,35.139,-79.006,75.04,48,0,9.22,US,1724256471
497,mendoza,-32.8908,-68.8272,42.33,70,75,5.75,AR,1724256398
498,labuan bajo,-8.4964,119.8877,75.6,79,78,3.24,ID,1724256473
499,bayganin,48.6947,55.8742,82.83,28,57,15.17,KZ,1724256474
500,tralee,52.2704,-9.7026,62.85,77,75,14.97,IE,1724256475
501,palangkaraya,-2.2,113.8333,74.66,98,100,2.13,ID,1724256476
502,cuamba,-14.8031,36.5372,79.16,29,60,7.07,MZ,1724256478
503,zambezi,-13.5432,23.1047,81.86,13,25,4.99,ZM,1724256479
504,kone,-21.0595,164.8658,60.57,89,0,5.14,NC,1724256480
505,hashtrud,37.4779,47.0508,80.31,22,0,5.84,IR,1724256481
506,tchibanga,-2.85,11.0333,81.99,55,71,10.02,GA,1724256482
507,woolgoolga,-30.1106,153.2007,66.07,79,53,6.76,AU,1724256483
508,mariental,-24.6333,17.9667,81.46,8,9,4.14,NA,1724256484
509,la tuque,47.4334,-72.7824,51.8,91,100,6.38,CA,1724256485
510,aitape,-3.1374,142.3475,78.28,90,39,6.76,PG,1724256486
511,kerikeri,-35.2268,173.9474,42.91,91,9,3.4,NZ,1724256488
512,ilabaya,-17.4208,-70.5133,72.18,38,0,10.85,PE,1724256489
513,san antonio de pale,-1.4014,5.6325,74.14,77,53,7.31,GQ,1724256490
514,el bayadh,33.6832,1.0193,86.88,22,98,20.33,DZ,1724256491
515,sucua,-2.4667,-78.1667,77.74,60,75,4.61,EC,1724256492
516,sealy,29.7808,-96.1572,92.82,68,1,1.99,US,1724256496
517,onega,63.9061,38.1404,62.38,58,47,5.82,RU,1724256497
518,norcasia,5.5778,-74.8852,87.51,36,3,4.9,CO,1724256498
519,kalush,49.0119,24.3731,85.33,32,8,3.31,UA,1724256499
520,tugulym,57.0591,64.6425,58.12,99,100,1.39,RU,1724256500
521,kilju,40.9642,129.3278,72.91,97,100,1.45,KP,1724256501
522,leona vicario,20.9667,-87.1917,90.7,56,99,3.56,MX,1724256502
523,ceres,37.5949,-120.9577,74.98,42,0,6.91,US,1724256503
524,belmonte,-15.8631,-38.8828,80.65,60,29,6.8,BR,1724256505
525,port douglas,-16.4833,145.4667,70.72,75,72,10.69,AU,1724256506
526,gaspe,48.8334,-64.4819,63.46,50,85,8.57,CA,1724256507
527,ad dabbah,18.05,30.95,108.12,10,16,13.31,SD,1724256508
528,malpica,43.3228,-8.8105,71.24,100,0,15.86,ES,1724256509
529,tabuk,17.4189,121.4443,76.37,91,99,2.84,PH,1724256510
530,sibay,52.7181,58.6658,57.36,89,4,9.73,RU,1724256511
531,troitsko-pechorsk,62.7084,56.1964,60.51,60,75,8.48,RU,1724256513
532,presidente olegario,-18.4178,-46.4181,87.33,16,0,8.95,BR,1724256514
533,cidreira,-30.1811,-50.2056,64.18,90,98,21.34,BR,1724256325
534,cadale,2.7603,46.3222,77.32,81,100,20.89,SO,1724256516
535,mount pleasant,32.7941,-79.8626,83.05,71,20,14.97,US,1724256269
536,maragogi,-9.0122,-35.2225,79.83,72,31,9.64,BR,1724256518
537,vorkuta,67.5,64.0,47.61,91,97,8.08,RU,1724256519
538,sakaraha,-22.9,44.5333,69.51,34,0,9.4,MG,1724256520
539,kunming,25.0389,102.7183,67.33,86,0,2.77,CN,1724256522
540,karasburg,-28.0167,18.75,67.98,9,0,13.62,NA,1724256523
541,kismayo,-0.3582,42.5454,76.48,78,15,17.98,SO,1724256524
542,aoulef,26.9667,1.0833,115.27,7,5,6.91,DZ,1724256525
543,arafat,39.0344,44.6198,75.2,33,26,5.06,IR,1724256527
544,massawa,15.6097,39.45,96.01,40,100,7.54,ER,1724256530
545,dadukou,26.5479,101.7054,75.18,72,2,2.08,CN,1724256531
546,ust-tsilma,65.441,52.1498,54.86,76,7,4.12,RU,1724256532
547,weiser,44.251,-116.9693,73.31,43,13,2.24,US,1724256533
548,yatou,37.15,122.3833,77.31,97,100,4.07,CN,1724256534
549,marsh harbour,26.5412,-77.0636,86.4,70,100,9.66,BS,1724256535
550,gizo,-8.103,156.8419,80.62,78,100,9.28,SB,1724256536
551,malanje,-9.5402,16.341,90.23,8,21,6.17,AO,1724256538
552,codrington,-38.2667,141.9667,48.02,93,92,9.04,AU,1724256539
553,tahoua,14.8888,5.2692,90.93,44,71,4.85,NE,1724256540
554,independencia,-5.3964,-40.3086,96.42,24,0,6.2,BR,1724256541
555,bereznik,62.8551,42.7072,60.69,66,38,0.38,RU,1724256542
556,jiagedaqi,50.4167,124.1167,57.47,77,100,1.28,CN,1724256543
557,benjamin constant,-4.3831,-70.0311,89.73,66,20,5.75,BR,1724256469
558,mount gambier,-37.8333,140.7667,45.27,97,99,4.72,AU,1724256545
559,warrenton,-28.114,24.8475,71.96,12,0,11.41,ZA,1724256547
560,vuktyl,63.8567,57.3094,58.8,58,78,9.44,RU,1724256549
561,furstenau,52.5167,7.7167,65.64,60,99,13.18,DE,1724256550
562,denov,38.2667,67.9,81.16,20,0,3.89,UZ,1724256551
563,kidal,18.4411,1.4078,98.31,32,47,2.33,ML,1724256552
564,nushki,29.5542,66.0215,91.71,11,0,4.79,PK,1724256553
565,dolbeau-mistassini,48.8763,-72.212,68.41,44,7,9.42,CA,1724256555
566,mananjary,-21.2167,48.3333,67.6,74,23,7.67,MG,1724256556
567,saveh,35.0213,50.3566,91.27,12,0,8.97,IR,1724256557
568,kolonia town,6.964,158.206,77.0,83,20,3.44,FM,1724256558
569,cao bang,22.6667,106.25,77.13,98,100,1.74,VN,1724256559
570,oban,56.4127,-5.4706,55.38,95,100,19.6,GB,1724256560
571,ambon,-3.6954,128.1814,80.87,95,40,6.91,ID,1724256561
572,estevan,49.1334,-102.9842,80.22,40,64,14.16,CA,1724256364
573,macomb,40.4592,-90.6718,67.95,73,0,3.44,US,1724256430
574,codajas,-3.8367,-62.0569,102.74,18,19,4.72,BR,1724256565
575,norrtalje,59.758,18.705,66.02,74,92,6.35,SE,1724256566
576,zhezqazghan,47.7833,67.7667,72.75,36,56,2.28,KZ,1724256567
577,guarapari,-20.6667,-40.4975,77.16,62,44,8.75,BR,1724256568
578,arkhipo-osipovka,44.37,38.52,79.27,75,10,6.64,RU,1724256570
579,lima,-12.0432,-77.0282,63.9,81,100,5.75,PE,1724256303
580,zhanaozen,43.3,52.8,86.81,18,0,3.47,KZ,1724256572
