City_ID,City,Lat,Lng,Max Temp,Humidity,Cloudiness,Wind Speed,Country,Date
0,jetpur,21.7333,70.6167,79.72,83,98,11.01,IN,1722996809
1,touros,-5.1989,-35.4608,74.46,84,1,12.91,BR,1722996810
2,colares,38.7992,-9.4469,70.79,83,30,17.9,PT,1722996811
3,chonchi,-42.6128,-73.8092,38.12,96,10,1.61,CL,1722996812
4,olonkinbyen,70.9221,-8.7187,42.03,100,100,13.62,SJ,1722996813
5,ust'-ordynskiy,52.805,104.7508,65.73,71,83,6.71,RU,1722996814
6,papatowai,-46.5619,169.4708,54.41,57,100,4.76,NZ,1722996815
7,yeppoon,-23.1333,150.7333,67.78,86,98,12.15,AU,1722996816
8,bilibino,68.0546,166.4372,52.54,44,23,3.94,RU,1722996818
9,stanley,54.868,-1.6985,56.28,86,0,8.05,GB,1722996819
10,albany,42.6001,-73.9662,65.3,80,100,3.85,US,1722996820
11,puerto ayora,-0.7393,-90.3518,68.56,91,82,3.0,EC,1722996821
12,bethel,41.3712,-73.414,70.9,89,100,1.01,US,1722996574
13,east london,-33.0153,27.9116,56.52,61,0,9.04,ZA,1722996823
14,bengkulu,-3.8004,102.2655,79.05,82,72,5.17,ID,1722996824
15,waitangi,-43.9535,-176.5597,52.83,76,0,1.99,NZ,1722996825
16,ushuaia,-54.8,-68.3,28.06,74,0,3.44,AR,1722996826
17,grytviken,-54.2811,-36.5092,16.36,68,55,6.69,GS,1722996828
18,adamstown,-25.066,-130.1015,65.66,66,39,11.36,PN,1722996829
19,mil'kovo,55.6078,37.7956,62.64,69,19,3.8,RU,1722996830
20,rumphi,-11.0186,33.8575,57.88,57,0,4.63,MW,1722996831
21,edinburgh of the seven seas,-37.0676,-12.3116,49.15,59,6,13.27,SH,1722996832
22,tiksi,71.6872,128.8694,50.22,82,96,10.71,RU,1722996833
23,nadi,-17.8,177.4167,78.8,53,40,13.8,FJ,1722996834
24,broome,42.2506,-75.833,67.01,95,100,9.22,US,1722996835
25,cabo san lucas,22.8909,-109.9124,81.7,90,100,0.0,MX,1722996703
26,port elizabeth,-33.918,25.5701,49.32,92,0,3.44,ZA,1722996838
27,constantia,44.1833,28.65,61.7,88,0,12.41,RO,1722996839
28,ancud,-41.8697,-73.8203,42.37,88,50,4.68,CL,1722996840
29,puerto natales,-51.7236,-72.4875,28.13,91,100,2.93,CL,1722996841
30,anadyr,64.75,177.4833,48.7,61,75,11.18,RU,1722996843
31,new norfolk,-42.7826,147.0587,58.5,70,100,4.25,AU,1722996844
32,thompson,55.7435,-97.8558,53.76,94,100,6.91,CA,1722996845
33,oranjemund,-28.55,16.4333,52.09,82,40,2.91,NA,1722996846
34,wailua homesteads,22.0669,-159.378,83.19,68,0,14.97,US,1722996848
35,hadibu,12.65,54.0333,77.0,79,65,20.83,YE,1722996849
36,vilyuchinsk,52.9306,158.4028,57.47,95,100,1.16,RU,1722996850
37,copala,16.65,-98.9833,80.65,76,100,3.87,MX,1722996851
38,susanville,40.4163,-120.653,89.65,17,5,9.91,US,1722996852
39,namibe,-15.1961,12.1522,64.24,92,10,4.18,AO,1722996853
40,mocimboa,-11.3167,40.35,67.01,87,4,6.98,MZ,1722996854
41,taroa,8.7058,171.2275,83.7,76,80,8.75,MH,1722996855
42,uturoa,-16.7333,-151.4333,79.05,85,5,18.81,PF,1722996856
43,port-aux-francais,-49.35,70.2167,36.5,87,68,15.64,TF,1722996858
44,kodinsk,58.6881,99.1844,71.29,71,81,5.95,RU,1722996859
45,kaltan,53.5347,87.2457,60.03,96,100,3.65,RU,1722996860
46,kabinda,-6.1333,24.4833,67.33,30,58,2.82,CD,1722996861
47,holualoa,19.6228,-155.9522,76.84,86,75,4.61,US,1722996862
48,port mathurin,-19.6833,63.4167,72.41,73,48,8.63,MU,1722996863
49,yung shue wan,22.2333,114.1167,90.81,79,1,10.29,HK,1722996864
50,cheremukhovo,60.3484,59.9851,48.88,97,100,6.78,RU,1722996865
51,vorgashor,67.5833,63.95,47.43,61,12,9.51,RU,1722996869
52,isafjordur,66.0755,-23.124,43.32,92,98,5.82,IS,1722996870
53,west island,-12.1568,96.8225,82.38,65,1,12.66,CC,1722996871
54,ilulissat,69.2167,-51.1,44.62,93,58,0.0,GL,1722996872
55,kani keli,-12.9536,45.1033,74.46,69,3,10.42,YT,1722996873
56,rongelap,11.1635,166.8941,83.7,77,100,9.4,MH,1722996874
57,gejiu,23.306,103.1635,67.35,83,70,4.36,CN,1722996875
58,togur,58.3631,82.8265,61.59,85,57,3.8,RU,1722996876
59,enewetak,11.3474,162.3373,83.46,77,100,12.28,MH,1722996878
60,poxoreo,-15.8372,-54.3892,70.18,39,0,3.87,BR,1722996879
61,akjoujt,19.6969,-14.4164,82.13,51,7,13.42,MR,1722996880
62,hammerfest,70.6634,23.6821,63.05,63,0,8.05,NO,1722996881
63,brookings,44.3114,-96.7984,65.05,79,0,6.91,US,1722996882
64,avarua,-21.2078,-159.775,77.05,83,75,8.05,CK,1722996883
65,sao felix do xingu,-6.6447,-51.995,71.42,38,4,1.68,BR,1722996884
66,val-d'or,48.1002,-77.7828,52.66,72,41,5.21,CA,1722996617
67,kilju,40.9642,129.3278,84.72,70,85,2.8,KP,1722996887
68,port augusta,-32.5,137.7667,62.85,42,35,13.18,AU,1722996888
69,castillos,-34.1667,-53.8333,60.57,97,100,9.19,UY,1722996889
70,sinabang,2.4803,96.3801,75.18,91,100,1.5,ID,1722996890
71,gargalianoi,37.0667,21.6333,78.35,76,0,6.98,GR,1722996891
72,margaret river,-33.95,115.0667,56.34,77,100,19.71,AU,1722996892
73,howard springs,-12.497,131.047,87.71,50,45,12.66,AU,1722996893
74,ribeira grande,38.5167,-28.7,73.78,89,12,4.0,PT,1722996894
75,port saint john's,-31.6229,29.5448,57.22,66,0,4.83,ZA,1722996896
76,saldanha,-33.0117,17.9442,50.05,86,97,6.22,ZA,1722996897
77,mukalla,14.5425,49.1242,80.92,81,45,2.15,YE,1722996898
78,mitu,1.1983,-70.1733,72.46,99,27,2.35,CO,1722996899
79,sao vicente,-23.9631,-46.3919,82.27,67,0,2.37,BR,1722996754
80,veinticinco de mayo,-35.4323,-60.1727,50.99,87,88,8.01,AR,1722996901
81,whitehorse,60.7161,-135.0538,82.02,23,0,16.11,CA,1722996902
82,nova sintra,14.8667,-24.7167,78.28,85,100,16.84,CV,1722996903
83,fale old settlement,-9.3852,-171.2468,82.92,73,58,14.0,TK,1722996904
84,qaqortoq,60.7167,-46.0333,48.06,88,100,3.83,GL,1722996906
85,simplicio mendes,-7.8539,-41.9103,70.12,52,65,4.72,BR,1722996907
86,nadym,65.5333,72.5167,48.83,71,0,12.59,RU,1722996908
87,mount isa,-20.7333,139.5,71.37,28,1,11.5,AU,1722996909
88,mount pearl,47.5166,-52.7813,61.95,90,75,14.97,CA,1722996910
89,gunjur,13.2019,-16.7339,77.07,94,75,4.61,GM,1722996911
90,vila franca do campo,37.7167,-25.4333,73.81,92,28,4.88,PT,1722996912
91,waingapu,-9.6567,120.2641,83.86,60,44,16.17,ID,1722996913
92,mar del plata,-38.0023,-57.5575,53.1,98,100,8.01,AR,1722996669
93,yellowknife,62.456,-114.3525,67.41,44,8,10.0,CA,1722996732
94,port lincoln,-34.7333,135.8667,60.13,55,25,16.15,AU,1722996917
95,lihue,21.9789,-159.3672,83.79,63,0,14.97,US,1722996918
96,porto novo,6.4965,2.6036,76.12,82,96,8.14,BJ,1722996919
97,utrik,11.2278,169.8474,83.3,77,46,12.37,MH,1722996920
98,st. john's,47.5649,-52.7093,62.78,90,75,14.97,CA,1722996921
99,petropavlovsk-kamchatsky,53.0452,158.6483,55.99,100,75,6.71,RU,1722996922
100,hithadhoo,-0.6,73.0833,81.68,74,84,3.89,MV,1722996923
101,novoazovs'k,47.1139,38.086,70.41,70,96,6.58,UA,1722996924
102,t'q'ibuli,42.3512,42.9987,58.12,94,24,3.67,GE,1722996925
103,praia da vitoria,38.7333,-27.0667,73.65,83,20,6.31,PT,1722996928
104,pesaro,43.9036,12.8903,76.86,75,2,3.56,IT,1722996694
105,vilyuysk,63.7553,121.6247,55.53,64,93,9.19,RU,1722996930
106,nizhnevartovsk,60.9344,76.5531,53.62,82,100,4.47,RU,1722996932
107,puerto aysen,-45.4,-72.7,38.97,98,100,0.72,CL,1722996933
108,impfondo,1.6381,18.0667,72.0,84,100,3.11,CG,1722996934
109,longyearbyen,78.2186,15.6401,48.04,93,75,0.0,SJ,1722996935
110,zhelezinka,53.54,75.3072,65.57,89,99,5.23,KZ,1722996937
111,ta`u,-14.2336,-169.5144,78.8,77,33,13.02,AS,1722996938
112,kolwezi,-10.7148,25.4667,60.17,27,0,4.85,CD,1722996939
113,guerrero negro,27.9769,-114.0611,75.13,70,25,13.18,MX,1722996940
114,adrar,20.5022,-10.0711,90.75,32,8,10.85,MR,1722996941
115,nanao,37.05,136.9667,86.2,79,89,3.51,JP,1722996942
116,flying fish cove,-10.4217,105.6791,78.48,78,100,13.8,CX,1722996943
117,upington,-28.4478,21.2561,41.38,38,0,4.61,ZA,1722996944
118,college,64.8569,-147.8028,73.38,65,75,4.61,US,1722996947
119,fort st. john,56.2499,-120.8529,69.69,49,40,4.61,CA,1722996948
120,muroto-misakicho,33.2833,134.15,84.16,79,67,8.23,JP,1722996949
121,san patricio,28.017,-97.5169,87.69,65,0,11.45,US,1722996950
122,luang namtha,20.9497,101.4011,77.02,94,100,2.3,LA,1722996951
123,reggane,26.7158,0.1714,96.17,15,2,11.99,DZ,1722996952
124,sumbawa besar,-8.5,117.4333,90.01,41,4,8.72,ID,1722996953
125,nemuro,43.3236,145.575,65.84,99,100,8.1,JP,1722996954
126,yagoua,10.3411,15.2329,74.03,90,100,5.48,CM,1722996956
127,aykhal,66.0,111.5,56.71,51,19,4.18,RU,1722996957
128,iqaluit,63.7506,-68.5145,46.13,75,75,3.44,CA,1722996958
129,susuman,62.7833,148.1667,48.7,74,100,4.41,RU,1722996959
130,alice springs,-23.7,133.8833,67.55,37,0,8.05,AU,1722996960
131,sitka,57.0531,-135.33,62.49,77,0,10.36,US,1722996962
132,hamilton,39.1834,-84.5333,84.58,72,0,4.61,US,1722996927
133,inongo,-1.95,18.2667,72.09,58,84,7.9,CD,1722996964
134,gafanha da nazare,40.6362,-8.7134,67.01,88,26,10.42,PT,1722996966
135,neon karlovasion,37.7903,26.7044,80.91,66,0,8.3,GR,1722996967
136,ust-nera,64.5667,143.2,51.31,85,100,4.52,RU,1722996969
137,invercargill,-46.4,168.35,55.02,69,100,11.01,NZ,1722996970
138,lodhikheda,21.5833,78.8333,77.18,90,100,5.93,IN,1722996971
139,papar,5.7333,115.9333,87.8,68,87,3.06,MY,1722996972
140,vadso,70.0744,29.7487,54.48,76,14,2.3,NO,1722996973
141,peace river,56.2501,-117.286,70.11,73,100,3.44,CA,1722996845
142,farasan,16.7022,42.1183,81.72,79,100,16.89,SA,1722996975
143,agboville,5.928,-4.2132,69.96,97,100,2.06,CI,1722996977
144,san antonio de pale,-1.4014,5.6325,72.23,80,86,12.75,GQ,1722996978
145,punta arenas,-53.15,-70.9167,28.51,93,75,5.75,CL,1722996712
146,urangan,-25.3,152.9,66.61,76,100,11.39,AU,1722996980
147,zeya,53.75,127.2667,77.13,51,95,2.53,RU,1722996981
148,puerto baquerizo moreno,-0.9,-89.6,67.44,84,81,14.07,EC,1722996982
149,fort bragg,35.139,-79.006,75.34,96,100,8.05,US,1722996983
150,novopavlovsk,43.9622,43.6342,69.21,87,83,5.14,RU,1722996986
151,san jose del guaviare,2.5729,-72.6459,74.35,90,97,0.58,CO,1722996779
152,fortaleza,-3.7227,-38.5247,80.22,78,0,10.36,BR,1722996862
153,gadzhiyevo,69.2551,33.3362,53.28,58,54,8.7,RU,1722996989
154,fauske,67.2588,15.3918,66.78,61,0,9.13,NO,1722996990
155,shadrinsk,56.0852,63.6335,60.85,92,6,5.35,RU,1722996991
156,grand-lahou,5.1367,-5.0242,73.98,87,100,10.58,CI,1722996992
157,atafu village,-8.5421,-172.5159,83.05,76,100,13.78,TK,1722996993
158,kruisfontein,-34.0033,24.7314,48.06,81,0,6.22,ZA,1722996994
159,vidyayevo,69.3191,32.8049,53.71,56,67,6.93,RU,1722996996
160,chiroqchi,39.0336,66.5722,82.78,21,0,8.93,UZ,1722996997
161,isangel,-19.55,169.2667,73.69,56,70,16.58,VU,1722996998
162,yuzhno-kurilsk,44.0306,145.8556,66.47,98,100,5.1,RU,1722996999
163,blackmans bay,-43.0167,147.3167,57.33,61,100,5.39,AU,1722997000
164,gerash,27.6652,54.1371,84.34,68,14,3.62,IR,1722997001
165,ubajara,-3.8544,-40.9211,67.3,55,50,5.01,BR,1722997002
166,veternik,45.2533,19.7594,59.97,58,0,3.38,RS,1722997003
167,tymovskoye,50.8456,142.655,84.79,56,21,2.24,RU,1722997004
168,niafunke,15.9322,-3.9906,90.36,50,67,8.19,ML,1722997005
169,nyurba,63.2842,118.3319,61.59,50,12,7.4,RU,1722997007
170,big rapids,43.6981,-85.4837,64.47,77,0,0.0,US,1722996753
171,nova vicosa,-17.8919,-39.3719,71.74,76,8,6.2,BR,1722997009
172,merizo village,13.2658,144.6691,89.33,84,92,4.32,GU,1722997010
173,taoudenni,22.6783,-3.9836,98.47,20,7,10.94,ML,1722997011
174,khorixas,-20.3667,14.9667,57.79,38,5,0.98,NA,1722997012
175,tura,25.5198,90.2201,76.26,94,100,4.27,IN,1722997013
176,iquitos,-3.7481,-73.2472,77.04,88,0,1.14,PE,1722997014
177,luderitz,-26.6481,15.1594,53.33,80,99,3.56,NA,1722997015
178,muynoq,43.7683,59.0214,85.98,22,43,9.73,UZ,1722997017
179,labrador city,52.9463,-66.9114,48.18,80,100,11.01,CA,1722996912
180,sur,22.5667,59.5289,83.01,72,88,8.79,OM,1722996937
181,san juan,-31.5375,-68.5364,49.1,62,100,6.62,AR,1722997021
182,dryden,49.7833,-92.7503,66.49,55,100,5.75,CA,1722997022
183,lebu,-37.6167,-73.65,42.73,84,2,5.7,CL,1722997023
184,aral,40.5156,81.2636,71.29,54,100,4.59,CN,1722997024
185,mirzapur,25.15,82.5833,83.14,76,93,4.03,IN,1722997025
186,mahdia,35.5047,11.0622,76.95,81,0,4.83,TN,1722997027
187,suva,-18.1416,178.4415,74.68,64,75,13.8,FJ,1722997028
188,kununurra,-15.7667,128.7333,87.78,37,15,10.36,AU,1722997029
189,tadine,-21.55,167.8833,71.15,59,60,13.98,NC,1722997030
190,prince rupert,54.3161,-130.3201,55.49,99,100,10.36,CA,1722997031
191,palmer,42.1584,-72.3287,67.6,80,100,4.61,US,1722997032
192,road town,18.4167,-64.6167,84.24,74,40,8.05,VG,1722997033
193,hermanus,-34.4187,19.2345,45.81,83,17,4.29,ZA,1722997034
194,trinidad,-14.8333,-64.9,77.43,71,24,3.91,BO,1722997035
195,edd,13.9297,41.6925,85.17,74,100,4.63,ER,1722997036
196,beira,-19.8436,34.8389,73.49,100,40,8.05,MZ,1722997038
197,keflavik,64.0049,-22.5624,50.43,100,0,8.05,IS,1722997039
198,crane,31.3974,-102.3501,91.81,23,0,8.43,US,1722997040
199,hillsboro,45.5229,-122.9898,78.42,54,0,9.22,US,1722997041
200,basoko,1.2391,23.616,74.21,74,100,0.89,CD,1722997042
201,mamadysh,55.7152,51.408,61.88,77,97,1.19,RU,1722997043
202,afaahiti,-17.75,-149.2833,80.47,84,7,19.62,PF,1722997044
203,coahuayana de hidalgo,18.7,-103.6583,80.42,83,100,2.84,MX,1722997045
204,kudahuvadhoo,2.6708,72.8944,81.93,75,100,4.72,MV,1722997046
205,mahriz,31.5917,54.4318,84.7,16,11,1.36,IR,1722997048
206,westport,41.1415,-73.3579,72.55,88,100,14.97,US,1722997049
207,miles city,46.4083,-105.8406,81.57,36,75,13.8,US,1722997050
208,caleta de carquin,-11.0925,-77.6267,61.99,87,18,13.0,PE,1722997034
209,bredasdorp,-34.5322,20.0403,47.41,91,1,2.95,ZA,1722997053
210,kill devil hills,36.0307,-75.676,78.98,95,0,6.91,US,1722997054
211,pointe aux piments,-20.0628,57.5131,65.52,79,1,10.13,MU,1722997055
212,rovaniemi,66.5,25.7167,54.81,66,0,4.61,FI,1722997056
213,itoman,26.1247,127.6694,91.78,74,75,6.91,JP,1722997058
214,meadow lakes,61.6247,-149.6011,64.42,82,20,5.75,US,1722997059
215,udachny,66.4167,112.4,56.39,52,35,1.92,RU,1722997060
216,barentu,15.1139,37.5928,68.86,89,100,3.94,ER,1722997061
217,kittila,67.6647,24.8936,44.74,87,0,2.3,FI,1722997062
218,porbandar,21.6422,69.6093,82.06,82,100,18.57,IN,1722997063
219,nar'yan-mar,67.6713,53.087,46.83,72,8,6.46,RU,1722997064
220,khairpur nathan shah,27.0936,67.7337,89.24,71,100,1.9,PK,1722997065
221,rio grande,-32.035,-52.0986,60.94,99,100,7.94,BR,1722997008
222,talnakh,69.4865,88.3972,59.0,50,2,16.87,RU,1722997068
223,glenelg north,-34.9683,138.5154,64.44,56,40,16.11,AU,1722997069
224,gore,-46.1028,168.9436,52.34,70,100,2.1,NZ,1722997070
225,dudinka,69.4058,86.1778,53.4,55,0,24.36,RU,1722997071
226,lompoc,34.6391,-120.4579,85.01,88,0,11.5,US,1722997072
227,quellon,-43.1167,-73.6167,43.16,84,4,4.61,CL,1722997073
228,badger,64.8,-147.5333,73.31,61,75,4.61,US,1722997074
229,skeldon,5.8833,-57.1333,77.7,86,1,4.83,GY,1722997075
230,turpan,42.9333,89.1667,94.48,21,96,6.33,CN,1722997076
231,labuan,5.2767,115.2417,86.36,79,20,2.3,MY,1722997078
232,minas de marcona,-15.2119,-75.1103,50.13,92,77,12.59,PE,1722997079
233,brady,31.1352,-99.3351,91.85,31,0,4.61,US,1722997081
234,st. paul,44.9444,-93.0933,69.3,71,0,0.0,US,1722997082
235,georgetown,5.4112,100.3354,85.93,74,40,6.91,MY,1722996910
236,salekhard,66.53,66.6019,50.38,60,1,4.47,RU,1722997084
237,hovd,48.0056,91.6419,69.04,30,99,1.77,MN,1722997085
238,camayenne,9.535,-13.6878,77.02,87,100,4.32,GN,1722997087
239,sao miguel do araguaia,-13.275,-50.1628,75.72,35,0,2.93,BR,1722997088
240,mount pleasant,32.7941,-79.8626,79.0,96,100,13.8,US,1722997003
241,harsin,34.2721,47.5861,65.21,27,6,1.66,IR,1722997091
242,dauphin,51.1494,-100.0502,59.14,100,100,3.44,CA,1722997092
243,santa ana,33.7456,-117.8678,88.3,66,20,11.5,US,1722996903
244,mantua,45.1667,10.7833,75.09,88,92,4.61,IT,1722997094
245,arraial do cabo,-22.9661,-42.0278,73.26,83,20,17.27,BR,1722996986
246,north bend,43.4065,-124.2243,65.16,68,0,19.57,US,1722996937
247,elverum,60.8819,11.5623,53.28,98,97,3.51,NO,1722997099
248,bhor,18.1667,73.85,74.17,98,100,4.29,IN,1722997100
249,paramonga,-10.6667,-77.8333,61.56,89,38,11.41,PE,1722997101
250,kodiak,57.79,-152.4072,53.11,100,100,16.11,US,1722997102
251,sabang,5.8933,95.3214,81.99,80,100,20.45,ID,1722997103
252,businga,3.3333,20.8833,72.19,83,83,2.01,CD,1722997104
253,iskateley,67.6803,53.1512,46.94,71,8,6.4,RU,1722997106
254,hakha,22.65,93.6167,64.8,99,100,1.14,MM,1722997107
255,pahrump,36.2083,-115.9839,107.26,11,2,1.01,US,1722997108
256,alavus,62.5833,23.6167,53.69,80,85,3.15,FI,1722997109
257,buzen,33.6115,131.13,90.1,59,51,3.65,JP,1722997110
258,tazovsky,67.4667,78.7,46.98,75,0,15.84,RU,1722997111
259,yevpatoriya,45.1972,33.3558,71.74,70,100,11.43,UA,1722997112
260,carnarvon,-24.8667,113.6333,69.62,64,100,9.93,AU,1722997113
261,laguna,38.421,-121.4238,102.45,19,0,5.75,US,1722997115
262,macau,22.2006,113.5461,90.72,84,40,5.75,MO,1722997116
263,egilsstadir,65.2653,-14.3948,44.51,93,20,2.3,IS,1722997117
264,morondava,-20.2833,44.2833,65.88,79,1,3.53,MG,1722997118
265,linares,-35.85,-71.6,39.63,92,9,2.1,CL,1722997119
266,loen,7.7601,168.2307,82.74,75,64,3.71,MH,1722997120
267,burabay,53.0838,70.3138,63.45,89,100,1.99,KZ,1722997121
268,puerto ayacucho,5.6639,-67.6236,74.61,93,96,4.61,VE,1722997122
269,shendi,16.6915,33.4341,77.85,75,100,13.06,SD,1722997123
270,tomatlan,19.9333,-105.25,78.93,88,100,3.24,MX,1722997124
271,kone,-21.0595,164.8658,78.6,42,0,5.08,NC,1722997126
272,villa gesell,-37.2639,-56.973,55.06,99,99,8.41,AR,1722997127
273,woolgoolga,-30.1106,153.2007,66.07,68,94,7.87,AU,1722997128
274,christchurch,-43.5333,172.6333,56.41,63,21,8.05,NZ,1722997129
275,kavieng,-2.5744,150.7967,84.43,73,82,12.1,PG,1722997130
276,alegria,9.4669,125.5772,87.39,66,100,4.32,PH,1722997131
277,taitung city,22.7583,121.1444,89.87,79,75,6.91,TW,1722997132
278,walvis bay,-22.9575,14.5053,53.1,95,84,3.22,NA,1722997133
279,barra do garcas,-15.89,-52.2567,69.15,41,0,1.12,BR,1722997134
280,conde,-7.2597,-34.9075,72.86,94,20,5.75,BR,1722997136
281,bikenibeu village,1.3673,173.1241,87.76,66,20,5.75,KI,1722997137
282,kavaratti,10.5669,72.642,79.88,83,100,8.79,IN,1722997138
283,papao,-17.75,-149.55,82.08,79,15,21.92,PF,1722997139
284,faya-largeau,17.9257,19.1043,86.56,54,84,11.18,TD,1722997140
285,victoria point,-27.5833,153.3,72.34,64,69,8.99,AU,1722997141
286,bubaque,11.2833,-15.8333,79.25,84,100,15.12,GW,1722997142
287,bandon,51.7469,-8.7425,56.79,96,5,7.99,IE,1722997143
288,nelson,-41.2833,173.2833,54.28,81,47,3.0,NZ,1722997144
289,bridgewater,44.3835,-64.5155,62.11,95,100,3.44,CA,1722997146
290,namtsy,62.7161,129.6658,67.44,43,4,11.79,RU,1722997147
291,chacarita,9.9829,-84.7723,76.66,92,100,2.93,CR,1722997148
292,igarka,67.4667,86.5833,52.86,59,0,16.8,RU,1722997149
293,zaozersk,69.4005,32.4476,54.66,57,67,5.01,RU,1722997150
294,tommot,58.9564,126.2925,67.05,71,76,5.26,RU,1722997152
295,pachino,36.7186,15.0907,78.8,70,0,1.79,IT,1722997153
296,san julian,21.0167,-102.1667,69.67,54,100,3.29,MX,1722997154
297,mokhsogollokh,61.4681,128.9203,68.9,41,0,9.31,RU,1722997157
298,eirunepe,-6.6603,-69.8736,78.6,72,78,0.81,BR,1722997160
299,moapa valley,36.5805,-114.4703,110.14,11,0,4.36,US,1722997161
300,manga,11.6636,-1.0731,74.21,93,100,7.61,BF,1722997162
301,katsuura,35.1333,140.3,81.05,89,96,7.29,JP,1722997163
302,magadan,59.5667,150.8,52.2,84,100,5.1,RU,1722997165
303,olyokminsk,60.3736,120.4264,74.82,51,24,5.21,RU,1722997166
304,lubang,13.8584,120.124,83.26,80,20,17.92,PH,1722997168
305,kourou,5.1552,-52.6478,77.05,91,100,5.75,GF,1722997015
306,kingston,17.997,-76.7936,85.15,84,20,8.05,JM,1722997170
307,jamestown,42.097,-79.2353,63.99,93,100,14.97,US,1722997171
308,kulhudhuffushi,6.6221,73.07,81.45,81,100,10.78,MV,1722997172
309,mandal,25.45,74.5667,77.0,85,100,8.77,IN,1722997174
310,zuru,11.4241,5.2288,72.18,96,98,8.01,NG,1722997175
311,yuyao,30.05,121.1494,91.17,49,99,0.25,CN,1722997176
312,shache,38.4167,77.2406,80.47,26,78,11.25,CN,1722997177
313,onega,63.9061,38.1404,50.43,76,4,3.24,RU,1722997178
314,kashgar,39.4547,75.9797,78.01,25,0,4.47,CN,1722997179
315,tchintabaraden,15.8969,5.7985,77.34,67,100,20.62,NE,1722997180
316,andovoranto,-18.95,49.1,68.31,87,49,1.21,MG,1722997182
317,bela,25.9333,81.9833,81.68,80,100,5.14,IN,1722997183
318,itacarambi,-15.1022,-44.0919,70.09,64,0,4.27,BR,1722997184
319,port alfred,-33.5906,26.891,55.99,70,0,9.37,ZA,1722997185
320,inhambane,-23.865,35.3833,65.17,82,17,5.64,MZ,1722997186
321,selfoss,63.9331,-20.9971,48.04,84,32,4.72,IS,1722997187
322,loango,-4.6719,11.8312,73.06,83,100,4.61,CG,1722997188
323,ilok,45.2222,19.3769,59.47,64,4,4.18,HR,1722997189
324,okha,53.5739,142.9478,64.35,79,90,14.85,RU,1722997190
325,maputo,-25.9653,32.5892,61.02,83,0,5.48,MZ,1722997192
326,ust'-ilimsk,58.0006,102.6619,75.07,46,36,1.45,RU,1722997193
327,tempio pausania,40.8974,9.1035,70.72,81,0,2.21,IT,1722997194
328,hilo,19.7297,-155.09,82.13,71,0,10.36,US,1722997195
329,acajutla,13.5928,-89.8275,82.04,82,3,6.42,SV,1722997196
330,caxito,-8.5785,13.6643,65.62,98,37,1.01,AO,1722997197
331,flin flon,54.7682,-101.865,55.06,71,79,10.92,CA,1722997198
332,antonio enes,-16.2325,39.9086,70.68,80,5,6.55,MZ,1722997199
333,cruzeiro do sul,-29.5128,-51.9853,71.53,93,34,3.56,BR,1722997200
334,khandyga,62.6667,135.6,58.53,75,97,5.48,RU,1722997202
335,pisco,-13.7,-76.2167,60.85,82,2,3.44,PE,1722997077
336,hawaiian paradise park,19.5933,-154.9731,81.91,66,0,10.36,US,1722997204
337,itamaraca,-7.7478,-34.8256,73.45,80,7,9.73,BR,1722997205
338,emerald,-23.5333,148.1667,65.34,79,98,8.66,AU,1722997206
339,kismayo,-0.3582,42.5454,76.53,87,21,13.96,SO,1722997207
340,luba,3.4568,8.5547,76.89,89,42,10.31,GQ,1722997208
341,raja,8.4596,25.678,69.26,96,94,2.84,SS,1722997209
342,xai-xai,-25.0519,33.6442,60.37,88,0,5.55,MZ,1722997211
343,forster,-32.1667,152.5167,66.29,54,89,4.32,AU,1722997213
344,umatilla,45.5001,-118.5014,79.54,16,0,10.65,US,1722997054
345,magistral'nyy,56.1725,107.4458,75.42,47,10,4.16,RU,1722997215
346,klyuchi,52.2667,79.1667,67.68,77,100,3.04,RU,1722997216
347,meru,0.0463,37.6559,57.69,72,10,3.06,KE,1722997217
348,garoowe,8.4054,48.4845,75.6,64,5,28.23,SO,1722997218
349,sirre,8.3167,39.4833,61.79,90,100,7.4,ET,1722997219
350,banjarmasin,-3.3244,114.591,78.94,84,100,4.0,ID,1722997221
351,sanctuary point,-35.1114,150.629,61.2,42,2,3.98,AU,1722997222
352,ludington,43.9553,-86.4526,67.08,75,75,4.61,US,1722997223
353,tsiombe,-25.3,45.4833,66.52,82,100,9.57,MG,1722997224
354,tofol,5.3248,163.0078,87.58,70,75,10.36,FM,1722997225
355,sorsk,54.0033,90.2467,60.93,81,99,3.24,RU,1722997226
356,novokayakent,42.3937,47.9861,78.93,70,64,6.08,RU,1722997227
357,tai'an,36.1853,117.12,85.12,72,37,3.71,CN,1722997228
358,gamba,-2.65,10.0,69.21,91,53,4.16,GA,1722997230
359,tindouf,27.6711,-8.1474,91.85,10,0,13.8,DZ,1722997231
360,mollendo,-17.0231,-72.0147,57.58,90,15,9.98,PE,1722997233
361,sagua de tanamo,20.5819,-75.2414,76.78,95,4,3.24,CU,1722997234
362,burang,30.25,81.1667,50.7,84,100,5.59,CN,1722997235
363,bhimunipatnam,17.8833,83.4333,78.55,86,100,4.68,IN,1722997236
364,novaya tavolzhanka,50.3512,36.8298,63.82,64,41,3.42,RU,1722997237
365,vila velha,-20.3297,-40.2925,71.94,88,20,5.75,BR,1722997204
366,tres arroyos,-38.3739,-60.2798,48.31,96,100,17.69,AR,1722997123
367,vung tau,10.346,107.0843,81.19,79,52,9.93,VN,1722997241
368,ghat,24.9647,10.1728,86.49,15,2,6.76,LY,1722997242
369,novaya igirma,57.1334,103.9112,70.81,52,100,2.1,RU,1722997243
370,lata,40.1629,-8.3327,65.07,98,60,2.93,PT,1722997244
371,muisne,0.6,-80.0333,75.79,86,86,8.68,EC,1722997245
372,tanhuato de guerrero,20.2833,-102.3333,65.89,90,100,3.71,MX,1722997246
373,aldan,58.6031,125.3894,58.96,83,100,4.38,RU,1722997247
374,zapala,-38.8992,-70.0544,34.52,57,34,8.34,AR,1722997249
375,yemetsk,63.4721,41.7941,49.01,75,0,4.72,RU,1722997153
376,lagos,6.5833,3.75,77.32,83,97,6.58,NG,1722997252
377,xuddur,4.1213,43.8894,72.5,80,71,19.91,SO,1722997253
378,tambopata,-12.7333,-69.1833,75.52,71,13,1.92,PE,1722997254
379,kotlas,61.2611,46.6556,52.59,95,70,5.03,RU,1722997255
380,la passe,45.5549,-0.8967,68.23,84,100,10.04,FR,1722997256
381,gorgan,36.8387,54.4348,78.76,89,40,0.0,IR,1722997258
382,taltal,-25.4,-70.4833,56.17,81,0,1.68,CL,1722997259
383,raton,36.9034,-104.4391,79.14,29,0,9.22,US,1722997260
384,daru,-9.0763,143.2092,78.12,80,95,14.25,PG,1722997261
385,abadan,30.3392,48.3043,85.95,37,0,4.61,IR,1722997262
386,ad dawadimi,24.5077,44.3924,79.95,42,100,5.97,SA,1722997263
387,remire-montjoly,4.9167,-52.2667,77.04,100,0,3.44,GF,1722997264
388,aasiaat,68.7098,-52.8699,38.48,95,97,6.93,GL,1722997265
389,grahamstown,-33.3042,26.5328,43.92,78,0,4.38,ZA,1722997266
390,aroma,15.8167,36.1333,76.1,79,100,9.48,SD,1722997268
391,waddan,29.1614,16.139,85.78,27,4,13.44,LY,1722997269
392,ulety,51.3572,112.4849,74.12,43,53,2.48,RU,1722997270
393,mineral wells,32.8085,-98.1128,92.77,48,0,11.25,US,1722997239
394,oeiras,-7.0253,-42.1311,72.03,49,100,4.79,BR,1722997272
395,parintins,-2.6283,-56.7358,79.65,48,95,2.8,BR,1722997273
396,marsala,37.7966,12.4352,80.92,79,0,2.59,IT,1722997274
397,bandarbeyla,9.4942,50.8122,77.43,77,9,26.4,SO,1722997275
398,broken hill,-31.95,141.4333,56.84,47,65,4.61,AU,1722997276
399,sake,-1.5736,29.045,62.44,72,20,0.38,CD,1722997278
400,timmins,48.4669,-81.3331,58.82,58,20,5.75,CA,1722997169
401,kolonia town,6.964,158.206,80.71,100,100,10.36,FM,1722997280
402,balkanabat,39.5108,54.3671,82.78,57,52,12.86,TM,1722997281
403,akureyri,65.6835,-18.0878,46.33,100,100,5.75,IS,1722997282
404,labuan bajo,-8.4964,119.8877,82.89,64,7,2.91,ID,1722997283
405,borogontsy,62.6683,131.1683,66.74,51,65,8.48,RU,1722997284
406,fengcheng,40.4536,124.0717,81.68,80,55,3.2,CN,1722997285
407,el granada,37.5027,-122.4694,83.43,65,20,24.16,US,1722997287
408,pascagoula,30.3658,-88.5561,86.05,89,0,0.0,US,1722997123
409,'ain benian,36.8028,2.9219,75.25,58,1,8.12,DZ,1722997289
410,katabu,-4.9333,122.5167,85.73,54,14,9.8,ID,1722997290
411,priargunsk,50.3691,119.1012,71.82,58,4,6.62,RU,1722997291
412,fortuna,40.5982,-124.1573,61.36,79,0,10.36,US,1722997292
413,iwon-up,40.3231,128.6553,82.06,73,79,4.54,KP,1722997293
414,polyarnyy,69.1989,33.4478,52.84,59,48,9.08,RU,1722997294
415,heihe,50.2441,127.4902,82.98,60,0,9.19,CN,1722997295
416,peterhead,57.5058,-1.7981,55.8,84,2,18.88,GB,1722997297
417,novyy urgal,51.0736,132.5642,80.35,50,9,2.46,RU,1722997298
418,yurga,55.7231,84.8861,66.04,79,31,7.07,RU,1722997299
419,geraldton,-28.7667,114.6,68.41,73,40,17.27,AU,1722997300
420,talara,-4.5772,-81.2719,66.96,88,0,21.85,PE,1722997301
421,geneseo,42.7959,-77.8169,63.82,84,100,5.48,US,1722997302
422,agat village,13.3886,144.6585,89.71,78,20,8.05,GU,1722997303
423,berdigestyakh,62.0989,126.6992,65.53,46,1,10.36,RU,1722997304
424,kisiwani,-4.1333,37.95,64.27,73,4,1.59,TZ,1722997305
425,wulingyuan,29.3494,110.5441,85.28,61,94,3.71,CN,1722997307
426,hobyo,5.3505,48.5268,76.53,86,100,21.45,SO,1722997308
427,tazacorte,28.629,-17.9293,74.37,88,100,14.97,ES,1722997309
428,palikir - national government center,6.9248,158.1611,79.65,100,100,10.36,FM,1722997310
429,cururupu,-1.8283,-44.8683,73.0,91,100,1.74,BR,1722997311
430,kapa'a,22.0752,-159.319,84.52,65,0,14.97,US,1722997268
431,vredendal,-31.6683,18.5012,51.66,48,60,2.73,ZA,1722997313
432,rousinov,49.2013,16.8822,57.18,84,0,2.3,CZ,1722997314
433,lazaro cardenas,17.9583,-102.2,83.37,73,100,3.58,MX,1722997315
434,hugo,45.16,-92.9933,68.14,77,0,2.24,US,1722997317
435,saipan,15.1355,145.701,84.9,84,75,8.05,MP,1722997318
436,santa vitoria,-18.8386,-50.1214,72.61,43,4,6.31,BR,1722997319
437,sao gabriel da cachoeira,-0.1303,-67.0892,75.9,70,0,1.05,BR,1722997320
438,maxixe,-23.8597,35.3472,63.77,84,12,4.81,MZ,1722997321
439,independence,39.0911,-94.4155,71.17,73,20,11.5,US,1722997200
440,eyl,7.9803,49.8164,78.15,73,8,21.74,SO,1722997323
441,monrovia,6.3005,-10.7969,76.77,85,100,10.07,LR,1722997324
442,greymouth,-42.4667,171.2,51.91,74,100,5.77,NZ,1722997325
443,karratha,-20.7377,116.8463,75.54,28,0,6.11,AU,1722997327
444,colonia,50.9333,6.95,67.95,83,0,3.44,DE,1722997107
445,harnosand,62.6323,17.9379,55.4,84,0,5.1,SE,1722997329
446,karwar,14.8,74.1333,77.59,87,100,1.79,IN,1722997330
447,fuqing,25.725,119.3794,91.17,59,62,3.04,CN,1722997331
448,guercif,34.2257,-3.3536,81.91,40,99,4.41,MA,1722997332
449,dazhou,31.2159,107.5009,84.38,77,59,3.47,CN,1722997333
450,galliano,29.4422,-90.2992,86.0,72,42,11.36,US,1722997334
451,tromso,69.6496,18.957,53.62,87,3,0.0,NO,1722997335
452,nuuk,64.1835,-51.7216,47.01,93,100,1.14,GL,1722997337
453,pimentel,-6.8367,-79.9342,62.44,86,14,16.87,PE,1722997338
454,sola,-13.8833,167.55,76.39,68,100,24.63,VU,1722997339
455,kalmunai,7.4167,81.8167,82.42,74,100,3.6,LK,1722997340
456,san pablo huitzo,17.25,-96.8667,71.74,93,100,4.88,MX,1722997341
457,port macquarie,-31.4333,152.9167,68.07,45,93,3.0,AU,1722997342
458,port hedland,-20.3167,118.5667,75.25,33,0,6.91,AU,1722997343
459,ulundi,-28.3352,31.4162,53.69,60,0,3.83,ZA,1722997345
460,bol,13.4586,14.7147,78.58,85,100,13.31,TD,1722997347
461,ryotsu-minato,38.0833,138.4333,77.97,83,99,3.42,JP,1722997348
462,atherton,53.5237,-2.4935,58.55,85,0,6.42,GB,1722997349
463,fort mcmurray,56.7268,-111.381,69.39,52,100,8.05,CA,1722997350
464,vidor,30.1316,-94.0155,86.02,73,64,7.2,US,1722997351
465,sorso,40.8,8.5772,64.89,73,0,2.53,IT,1722997352
466,machilipatnam,16.1667,81.1333,77.0,88,100,11.59,IN,1722997353
467,marsh harbour,26.5412,-77.0636,83.07,80,100,15.17,BS,1722997354
468,zag,46.9441,99.165,66.07,27,57,2.57,MN,1722997356
469,nandu,22.8525,110.8233,89.24,58,2,5.44,CN,1722997357
470,arteche,12.2645,125.4048,87.76,64,99,5.53,PH,1722997358
471,mapastepec,15.4333,-92.9,78.35,94,97,2.93,MX,1722997359
472,isaka,-3.9,32.9333,63.46,35,53,4.14,TZ,1722997360
473,cadale,2.7603,46.3222,76.44,88,36,12.55,SO,1722997361
474,dakhla,23.6848,-15.958,66.85,95,34,21.21,EH,1722997362
475,darwin,-12.4611,130.8418,87.78,40,0,15.01,AU,1722997363
476,bokajan,26.0167,93.7833,81.63,82,58,4.54,IN,1722997364
477,kegeyli shahar,42.7767,59.6078,78.89,21,2,6.64,UZ,1722997366
478,marte,12.3611,13.8246,73.72,91,100,9.4,NG,1722997367
479,bowie,33.4501,-94.4335,87.1,73,0,5.19,US,1722997368
480,san luis,-33.295,-66.3356,41.41,67,8,9.13,AR,1722997200
481,ust-tsilma,65.441,52.1498,49.26,71,15,4.18,RU,1722997370
482,korla,41.7597,86.1469,77.14,40,100,10.92,CN,1722997371
483,pratt,37.6439,-98.7376,86.61,47,0,8.05,US,1722997372
484,puerto la cruz,10.2167,-64.6167,79.07,84,97,7.07,VE,1722997373
485,saulgau,48.0167,9.5,64.53,89,2,1.66,DE,1722997374
486,santana,-0.0583,-51.1817,84.38,79,75,8.05,BR,1722997376
487,ain sukhna,29.6002,32.3167,79.43,68,0,7.85,EG,1722997377
488,karasu,41.071,30.7854,69.51,68,0,2.1,TR,1722997378
489,villanueva,15.3167,-88.0,83.39,84,20,8.05,HN,1722997380
490,malappuram,11.0667,76.0667,75.36,94,40,2.3,IN,1722997381
491,queenstown,-31.8976,26.8753,45.66,21,0,5.53,ZA,1722997382
492,al ain city,24.1917,55.7606,87.42,66,0,8.05,AE,1722997383
493,gemena,3.25,19.7667,70.88,84,100,2.35,CD,1722997384
494,nazarovo,56.0064,90.3914,57.99,98,100,5.64,RU,1722997386
495,olinda,-8.0089,-34.8553,73.13,88,20,5.75,BR,1722997387
496,newton,42.337,-71.2092,66.34,89,100,5.75,US,1722997388
497,bamboo flat,11.7,92.7167,78.89,94,75,2.3,IN,1722997389
498,zhongshan,21.3226,110.5829,87.91,62,0,2.39,CN,1722997390
499,kapuskasing,49.4169,-82.4331,57.29,67,20,2.3,CA,1722997216
500,kerikeri,-35.2268,173.9474,55.67,63,93,4.52,NZ,1722997392
501,chegdomyn,51.1167,133.0167,79.59,47,0,4.56,RU,1722997394
502,les avirons,-21.2418,55.3394,62.69,59,20,9.22,RE,1722997395
503,mirny,62.5353,113.9611,62.62,49,85,5.03,RU,1722997396
504,mandimba,-14.3548,35.6515,58.51,78,4,2.93,MZ,1722997397
505,tolanaro,-25.0319,46.9987,69.87,88,75,13.8,MG,1722997398
506,portland,45.5234,-122.6762,78.78,52,20,10.36,US,1722997140
507,princeville,45.7668,-61.2985,62.78,83,40,3.44,CA,1722997401
508,baxter,46.3433,-94.2867,67.82,77,0,0.0,US,1722997402
509,saint-pierre,-21.3393,55.4781,65.88,59,20,9.22,RE,1722997403
510,xining,36.6167,101.7667,63.1,68,100,3.67,CN,1722997404
511,labytnangi,66.6572,66.4183,50.92,59,3,1.88,RU,1722997258
512,antalaha,-14.9003,50.2788,65.75,86,9,6.98,MG,1722997406
513,bhandaria,22.4861,90.0609,84.34,76,98,8.93,BD,1722997407
514,santa gertrudes,-22.4567,-47.5303,66.54,47,2,4.34,BR,1722997408
515,tubarjal,30.4999,38.216,77.29,46,0,8.61,SA,1722997409
516,hettstedt,51.65,11.5,62.46,70,84,2.66,DE,1722997418
517,deniliquin,-35.5333,144.9667,59.07,54,12,6.35,AU,1722997419
518,traverse city,44.7631,-85.6206,66.4,68,0,3.0,US,1722997420
519,yarmouth,41.7057,-70.2286,67.08,94,100,5.01,US,1722997309
520,la'ie,21.6477,-157.9253,87.76,71,4,7.0,US,1722997347
521,bhum,18.4667,75.6667,73.78,86,100,10.76,IN,1722997423
522,weno,7.4515,151.8468,87.75,84,100,3.44,FM,1722997424
523,siraha,26.6541,86.2087,77.34,93,100,8.5,NP,1722997425
524,turbat,26.0023,63.044,82.2,80,97,6.91,PK,1722997426
525,mossel bay,-34.1831,22.146,48.13,77,0,4.09,ZA,1722997429
526,espanola,35.9911,-106.0806,85.98,55,99,14.7,US,1722997256
527,maymana,35.9214,64.7836,80.6,19,0,2.71,AF,1722997431
528,black point,-34.6187,137.8972,59.23,59,4,12.84,AU,1722997432
529,merrill,45.1805,-89.6835,64.17,90,0,4.32,US,1722997433
530,mariinsk,56.2139,87.7472,60.1,97,100,7.67,RU,1722997365
531,khanty-mansiysk,61.0042,69.0019,55.51,58,40,6.71,RU,1722997400
532,alexandria,31.2156,29.9553,77.54,72,0,7.85,EG,1722997419
533,karungdong,5.8844,121.263,85.03,74,100,9.51,PH,1722997438
534,paulden,34.8856,-112.4682,80.78,57,100,8.01,US,1722997439
535,sault ste. marie,46.5168,-84.3333,64.69,72,0,10.36,CA,1722997440
536,maragogi,-9.0122,-35.2225,73.45,82,20,8.79,BR,1722997441
537,gurupi,-11.7292,-49.0686,75.16,39,0,4.7,BR,1722997318
538,campo verde,-20.4167,-54.0667,71.11,36,5,5.5,BR,1722997290
539,nicoya,10.1483,-85.452,74.7,97,100,1.57,CR,1722997444
540,kaliua,-5.0606,31.7936,63.82,36,6,4.38,TZ,1722997445
541,pyhajarvi,67.0701,27.2176,48.97,67,9,2.91,FI,1722997446
542,mandya,12.5242,76.8958,72.28,87,100,7.07,IN,1722997448
543,hami,42.8,93.45,91.62,15,100,1.83,CN,1722997449
544,nanlong,31.3533,106.0631,87.66,70,84,3.42,CN,1722997450
545,kars,40.602,43.095,54.05,94,0,3.44,TR,1722997451
546,uberaba,-19.7483,-47.9319,73.98,46,0,6.91,BR,1722997452
547,rye,40.9807,-73.6837,73.38,88,100,9.22,US,1722997453
548,vanimo,-2.6741,141.3028,82.98,79,98,8.34,PG,1722997454
549,lamu,-2.2717,40.902,76.66,86,2,15.95,KE,1722997455
550,palapag,12.5458,125.1147,89.31,60,100,2.66,PH,1722997457
551,zheshart,62.0731,49.5733,51.67,83,96,6.15,RU,1722997458
552,aqadyr,48.2553,72.8483,75.24,36,2,5.19,KZ,1722997459
553,contamana,-7.3333,-75.0167,78.03,68,10,2.44,PE,1722997460
554,sinop,41.7711,34.8709,61.36,65,48,2.57,TR,1722997461
555,malesherbes,48.2957,2.4094,65.95,91,100,8.23,FR,1722997462
